2014-01-01, USD_JPY,sell,105.25,105.33,105.40,105.22,105.35,0.03,0.17,0.43,1.15,1.30,1.25,0.00,0.00,0.00,0.01,0.01,0.01,84,92,126,98,190,133,336,399,1412,730,186,645,0.01,0.03,0.02,0.02,105.32,-0.23,718,21152,-37067,1792,50576,16.19,7.80,8.40,115.89,102.58,105.57,105.30,105.09,105.40,105.09,105.40,104.87,158.01,105.20,8.7500,41.9000,78.2500,129.3889,68.2727,77.7692,131.7188,97.7381,77.7885,100.7097,8.9,-49.1,2759
2014-01-02, USD_JPY,hold,105.33,104.84,105.44,104.55,105.10,-0.07,-0.46,-0.32,0.60,0.66,0.81,-0.00,-0.00,-0.00,0.01,0.01,0.01,-4,-71,-156,-55,35,-41,260,183,230,234,903,464,0.01,0.01,0.02,0.02,104.92,0.23,-26387,718,21152,-37067,1792,16.21,7.80,8.40,75.62,102.78,105.58,105.04,105.29,105.44,104.55,105.44,104.55,157.72,105.15,7.0000,15.3000,41.8333,114.6667,125.0455,83.9615,135.9062,97.6429,100.0962,98.9516,-49.1,1.0,77349
2014-01-03, USD_JPY,buy,104.84,104.85,104.89,104.08,104.44,-0.41,-0.06,-0.45,0.34,0.61,0.67,-0.00,-0.00,-0.00,0.00,0.01,0.01,-3,-57,-2,-69,-152,-52,214,111,263,186,232,236,0.01,0.01,0.01,0.02,104.67,-0.30,55049,-26387,718,21152,-37067,16.13,7.77,8.36,38.04,103.01,105.58,104.66,105.09,105.09,104.08,105.44,104.08,156.93,104.74,-103.6250,-105.0000,-79.4167,34.4444,59.3636,18.4231,111.1875,92.8571,94.2115,73.4355,1.0,9.0,60966
2014-01-05, USD_JPY,sell,104.82,104.91,104.93,104.81,104.89,-0.42,-0.34,-0.00,0.00,0.40,0.67,-0.00,-0.00,-0.00,0.00,0.00,0.01,-167,-8,11,-38,8,-49,95,7,240,128,286,207,0.01,0.01,0.01,0.01,104.89,-0.61,2501,55049,-26387,718,21152,16.13,7.77,8.36,59.97,103.09,105.64,104.87,104.85,104.93,104.81,104.93,104.08,157.34,104.68,-116.8750,-74.1000,-80.1667,0.2222,47.5455,66.6538,33.9688,60.8810,75.7115,75.4516,9.0,-69.0,3767
2014-01-06, USD_JPY,buy,104.91,104.22,104.95,103.91,104.40,-0.62,-1.11,-1.03,-0.94,-0.69,-0.29,-0.01,-0.01,-0.01,-0.01,-0.01,-0.00,-36,-162,-545,-187,-145,-242,-77,-218,-60,-199,-50,-62,0.00,0.00,0.00,-0.00,104.33,0.29,-31444,2501,55049,-26387,718,16.14,7.77,8.37,0.03,103.23,105.59,104.50,104.87,104.95,103.91,104.95,103.91,156.91,104.65,-122.8750,-90.0000,-58.8333,-26.7222,33.7727,54.9615,37.5000,48.9286,66.4615,58.7419,-69.0,49.3,78347
2014-01-07, USD_JPY,buy,104.22,104.72,104.74,104.18,104.49,-0.13,-0.13,-0.62,-0.59,-0.44,-0.19,-0.00,-0.00,-0.01,-0.01,-0.00,-0.00,78,27,18,7,-275,-59,-219,-93,12,-77,51,-51,0.00,0.01,0.01,0.01,104.59,0.07,62427,-31444,2501,55049,-26387,16.03,7.72,8.31,14.34,103.40,105.56,104.46,104.57,104.74,104.18,104.95,103.91,156.83,104.44,-38.6250,-141.5000,-111.0000,-70.1111,-17.8636,24.9615,5.3125,68.6429,53.3269,43.7581,49.3,12.6,67253
2014-01-08, USD_JPY,hold,104.72,104.84,105.12,104.66,104.86,-0.07,-0.01,-0.00,-0.07,-0.46,-0.32,-0.00,-0.00,-0.00,-0.00,-0.00,-0.00,25,77,93,69,32,50,-4,-72,-157,-55,35,-42,0.00,0.01,0.01,0.01,104.87,-0.52,-16451,62427,-31444,2501,55049,16.11,7.76,8.35,50.16,103.63,105.52,104.84,104.47,105.12,104.47,105.12,104.18,157.46,104.67,47.5000,46.8000,-53.1667,-32.3333,-6.1818,41.8462,66.0312,88.3571,66.5962,73.6613,12.6,-0.8,73676
2014-01-09, USD_JPY,sell,104.84,104.83,105.06,104.57,104.86,0.61,-0.08,-0.02,-0.42,-0.08,-0.47,0.01,-0.00,-0.00,-0.00,-0.00,-0.00,88,80,18,74,92,66,-7,-62,-5,-75,-162,-58,-0.00,0.00,0.01,0.01,104.82,-0.03,3812,-16451,62427,-31444,2501,16.13,7.77,8.36,33.90,103.95,105.42,104.83,104.78,105.06,104.57,105.12,104.57,157.35,104.86,27.0000,25.1000,28.2500,-27.2222,-27.9091,9.8077,51.4063,92.7857,81.5192,84.4839,-0.8,-65.4,60684
2014-01-10, USD_JPY,hold,104.83,104.18,105.34,103.83,104.48,-0.54,-0.05,-0.74,-1.16,-1.08,-0.74,-0.01,-0.00,-0.01,-0.01,-0.01,-0.01,0,-61,25,-26,-505,-159,-570,-199,-156,-256,-124,-283,-0.01,-0.01,-0.00,-0.00,104.38,0.61,-42777,3812,-16451,62427,-31444,16.13,7.77,8.36,-40.62,103.94,105.42,104.55,104.84,105.34,103.83,105.34,103.83,157.26,104.70,151.6250,78.1000,68.0000,-6.6111,-6.6364,11.5385,58.1875,45.3095,64.8654,76.6613,-65.4,-5.0,79391
2014-01-12, USD_JPY,sell,103.99,103.94,104.14,103.94,104.01,-0.90,-0.78,-0.28,-0.90,-1.39,-1.32,-0.01,-0.01,-0.00,-0.01,-0.01,-0.01,-155,-92,-42,-109,2,-65,-67,-259,-700,-261,-210,-326,-0.01,-0.01,-0.01,-0.01,103.99,0.46,-4069,-42777,3812,-16451,62427,16.03,7.72,8.31,-121.75,103.88,105.45,104.00,104.50,104.50,103.94,105.34,103.83,156.11,104.31,-246.6250,-119.6000,-135.6667,-145.0556,-106.0909,-94.5385,-27.6562,-10.1905,8.2115,29.4839,-5.0,-82.5,4070
2014-01-13, USD_JPY,buy,103.94,103.11,104.03,102.86,103.28,-1.72,-1.73,-1.60,-1.74,-1.73,-2.22,-0.02,-0.02,-0.02,-0.02,-0.02,-0.02,-300,-255,-333,-227,-190,-275,-118,-517,-160,-544,-1153,-477,-0.02,-0.02,-0.02,-0.02,103.28,0.37,-43931,-4069,-42777,3812,-16451,15.99,7.70,8.29,-213.69,103.72,105.51,103.49,103.97,104.03,102.86,104.14,102.86,155.46,103.74,-256.6250,-218.2000,-117.0833,-95.2222,-124.4091,-106.3077,-56.1875,-29.4048,28.4231,22.0645,-82.5,107.9,78015
2014-01-14, USD_JPY,buy,103.11,104.19,104.30,103.02,103.67,0.01,-0.64,-0.65,-0.72,-0.66,-0.65,0.00,-0.01,-0.01,-0.01,-0.01,-0.01,23,88,-78,23,-101,-52,-494,-155,14,-151,-39,-173,-0.01,-0.01,-0.01,-0.01,103.92,0.15,58892,-43931,-4069,-42777,3812,15.86,7.64,8.23,-125.48,103.74,105.50,103.65,103.53,104.30,103.02,104.30,102.86,155.80,103.55,-261.8750,-153.0000,-138.2500,-71.0556,-104.4091,-77.6923,-56.0937,10.8095,39.4615,29.0968,107.9,40.3,70330
2014-01-15, USD_JPY,sell,104.19,104.59,104.70,104.09,104.42,0.65,0.41,-0.24,0.37,-0.32,-0.26,0.01,0.00,-0.00,0.00,-0.00,-0.00,330,200,50,176,3,128,65,41,-173,-11,63,-14,-0.01,-0.01,-0.00,-0.01,104.49,-0.21,38846,58892,-43931,-4069,-42777,16.03,7.72,8.31,-27.83,103.81,105.47,104.39,103.65,104.70,103.65,104.70,103.02,156.74,104.03,139.3750,-129.4000,-60.7500,-28.5000,-17.7273,-54.3462,-41.9687,21.8095,60.9231,56.6129,40.3,-29.4,59055
2014-01-16, USD_JPY,hold,104.59,104.30,104.92,104.15,104.53,1.18,0.36,0.12,-0.42,0.07,-0.62,0.01,0.00,0.00,-0.00,0.00,-0.01,122,85,180,134,30,111,21,-38,37,-6,-409,-117,-0.01,-0.01,-0.01,-0.01,104.42,0.10,-36216,38846,58892,-43931,-4069,16.09,7.75,8.34,-30.86,103.82,105.47,104.49,104.39,104.92,104.15,104.92,104.09,157.00,104.47,222.6250,157.2000,-69.7500,20.8889,-0.9545,-39.9615,-30.7188,24.4048,20.5000,40.9032,-29.4,3.5,58720
2014-01-17, USD_JPY,hold,104.30,104.33,104.47,104.20,104.32,0.14,1.22,0.39,-0.51,-0.38,0.11,0.00,0.01,0.00,-0.00,-0.00,0.00,102,55,125,89,198,142,-70,-29,27,-31,40,-1,-0.00,-0.00,-0.01,-0.01,104.33,-0.39,-1115,-36216,38846,58892,-43931,16.05,7.73,8.32,-50.19,103.79,105.48,104.32,104.44,104.47,104.20,104.92,104.15,156.57,104.44,45.0000,88.3000,56.1667,-72.1667,-43.3636,-31.9615,-51.8750,-5.0238,4.7308,17.7581,3.5,1.9,44444
2014-01-19, USD_JPY,hold,104.22,104.24,104.32,104.20,104.27,-0.35,0.05,1.13,-0.59,-0.60,-0.47,-0.00,0.00,0.01,-0.01,-0.01,-0.00,24,17,95,44,117,79,-68,37,-90,-43,11,-49,-0.01,-0.01,-0.01,-0.01,104.25,-0.55,-884,-1115,-36216,38846,58892,16.05,7.73,8.32,-58.28,103.74,105.47,104.25,104.31,104.32,104.20,104.47,104.20,156.42,104.30,-93.7500,5.1000,47.8333,-82.1667,-37.7727,-47.2308,-67.5938,-29.1429,-12.7115,33.0968,1.9,0.6,3362
2014-01-20, USD_JPY,hold,104.24,104.25,104.27,103.86,104.07,-0.05,-0.34,0.06,0.07,-0.58,-0.59,-0.00,-0.00,0.00,0.00,-0.01,-0.01,13,25,25,19,96,45,27,100,-66,39,-88,-42,0.00,-0.01,-0.01,-0.01,104.16,-0.02,37936,-884,-1115,-36216,38846,16.04,7.72,8.32,-72.21,103.71,105.41,104.16,104.23,104.27,103.86,104.32,103.86,156.20,104.16,-163.2500,-84.9000,-4.0000,-119.0556,-77.5909,-52.3846,-73.2812,-43.8810,7.8077,32.3226,0.6,-2.5,42296
2014-01-21, USD_JPY,buy,104.25,104.23,104.75,104.03,104.46,-0.11,-0.07,-0.37,0.29,0.05,-0.61,-0.00,-0.00,-0.00,0.00,0.00,-0.01,10,40,9,14,21,14,144,118,26,95,-71,32,-0.00,0.00,-0.01,-0.01,104.31,0.29,-25788,37936,-884,-1115,-36216,16.04,7.72,8.32,-31.87,103.69,105.31,104.31,104.25,104.75,104.03,104.75,103.86,156.76,104.23,68.8750,-34.7000,9.1667,68.0556,-28.1364,1.1154,-8.7500,-29.3571,19.7308,52.8710,-2.5,42.5,57146
2014-01-22, USD_JPY,sell,104.23,104.65,104.69,103.97,104.34,0.41,0.32,0.36,1.54,0.71,0.48,0.00,0.00,0.00,0.01,0.01,0.00,369,216,163,242,65,199,152,124,361,213,54,189,-0.00,-0.00,0.00,-0.00,104.49,0.27,53224,-25788,37936,-884,-1115,16.03,7.72,8.31,-7.39,103.71,105.28,104.39,104.24,104.69,103.97,104.75,103.97,156.68,104.36,93.5000,43.9000,-38.2500,73.4444,-58.9091,-33.0769,-15.0000,-34.3333,10.8846,9.7903,42.5,-126.1,60033
2014-01-23, USD_JPY,sell,104.65,103.39,104.84,102.97,103.85,-0.86,-0.85,-0.94,-0.80,0.28,-0.55,-0.01,-0.01,-0.01,-0.01,0.00,-0.01,-115,-94,-651,-285,-288,-351,29,-61,45,-13,-277,-67,-0.01,-0.01,-0.01,-0.01,103.65,0.32,-53198,53224,-25788,37936,-884,16.10,7.75,8.35,-134.05,103.60,105.20,103.97,104.44,104.84,102.97,104.84,102.97,156.33,104.12,142.8750,104.4000,61.2500,60.8333,64.0455,-16.7308,-6.8437,-22.0238,10.0769,15.8226,-126.1,-101.1,96273
2014-01-24, USD_JPY,sell,103.39,102.38,103.59,102.00,102.68,-1.84,-1.87,-1.86,-2.21,-1.81,-0.73,-0.02,-0.02,-0.02,-0.02,-0.02,-0.01,-227,-159,-363,-270,-1470,-687,-284,-387,-49,-187,-40,-124,-0.02,-0.02,-0.02,-0.02,102.59,0.80,-59612,-53198,53224,-25788,37936,15.91,7.66,8.25,-272.05,103.38,105.12,102.84,104.02,104.02,102.00,104.84,102.00,154.59,103.35,-291.2500,-137.1000,-122.5000,-123.3333,-40.7273,-135.1538,-71.9063,-86.5000,-51.8077,-34.3710,-101.1,-14.3,114774
2014-01-26, USD_JPY,buy,102.25,102.10,102.25,101.76,102.07,-2.55,-2.12,-2.15,-2.19,-2.49,-2.09,-0.02,-0.02,-0.02,-0.02,-0.02,-0.02,-258,-99,-265,-190,-431,-318,-263,-902,-330,-447,-71,-221,-0.02,-0.02,-0.03,-0.03,102.06,0.72,4453,-59612,-53198,53224,-25788,15.75,7.58,8.17,-269.73,102.99,105.24,102.09,102.89,102.89,101.76,103.59,101.76,153.13,102.40,-610.8750,-499.9000,-336.6667,-297.0000,-185.8182,-145.1538,-179.5938,-152.0238,-113.1346,-58.6129,-14.3,56.7,11089
2014-01-27, USD_JPY,buy,102.10,102.67,102.93,102.06,102.53,-0.72,-1.98,-1.56,-1.66,-1.63,-1.92,-0.01,-0.02,-0.01,-0.02,-0.02,-0.02,-16,70,-180,-51,-187,-127,-546,-692,-190,-658,-236,-324,-0.00,-0.01,-0.01,-0.02,102.58,0.08,41603,4453,-59612,-53198,53224,15.71,7.56,8.15,-163.09,102.72,105.29,102.44,102.18,102.93,102.06,102.93,101.76,153.96,102.25,-477.5000,-352.4000,-303.0000,-171.3889,-160.2727,-84.6923,-132.9687,-93.2381,-93.6346,-42.0968,56.7,57.5,103920
2014-01-28, USD_JPY,sell,102.67,103.25,103.44,102.53,102.90,0.86,-0.15,-1.41,-1.00,-1.09,-1.05,0.01,-0.00,-0.01,-0.01,-0.01,-0.01,78,172,14,132,-100,-2,-770,-343,-340,-420,-116,-409,-0.01,0.00,-0.01,-0.01,103.12,-0.46,45054,41603,4453,-59612,-53198,15.80,7.61,8.19,-91.01,102.60,105.25,102.97,102.39,103.44,102.39,103.44,102.06,154.71,102.74,-35.2500,-279.6000,-208.3333,-97.3333,-134.5000,-65.4231,-118.6250,-70.9524,-75.8077,-31.1935,57.5,-96.1,79571
2014-01-29, USD_JPY,buy,103.25,102.28,103.37,101.84,102.46,0.18,-0.10,-1.11,-1.97,-1.96,-2.05,0.00,-0.00,-0.01,-0.02,-0.02,-0.02,106,35,17,50,-36,29,-387,-287,-1548,-725,-685,-873,-0.02,-0.02,-0.01,-0.02,102.44,0.24,-49182,45054,41603,4453,-59612,15.88,7.65,8.24,-127.82,102.31,105.34,102.68,102.96,103.37,101.84,103.44,101.84,154.29,102.80,278.7500,-43.9000,-246.0833,-100.5556,-100.8182,-102.2692,-48.2500,-75.5238,-74.5769,-39.1774,-96.1,44.9,117040
2014-01-30, USD_JPY,sell,102.28,102.73,102.89,102.09,102.51,0.06,0.63,0.35,-1.49,-1.52,-1.51,0.00,0.01,0.00,-0.01,-0.01,-0.01,77,52,198,99,46,107,-178,-121,-277,-209,-1185,-547,-0.02,-0.02,-0.01,-0.00,102.61,-0.19,50440,-49182,45054,41603,4453,15.74,7.58,8.16,-104.41,102.15,105.30,102.50,102.77,102.89,102.09,103.37,101.84,153.94,102.55,-9.8750,128.4000,-115.4167,-206.3889,-129.7727,-156.2308,-71.2813,-87.7619,-96.5000,-65.7903,44.9,-71.9,83652
2014-01-31, USD_JPY,buy,102.74,102.02,102.94,101.95,102.37,-1.23,-0.65,-0.09,-2.64,-2.21,-2.23,-0.01,-0.01,-0.00,-0.03,-0.02,-0.02,-55,-17,-4,-16,52,-2,-270,-106,-277,-199,-453,-333,-0.02,-0.02,-0.02,-0.02,102.23,-0.57,-78889,50440,-49182,45054,41603,15.81,7.61,8.20,-110.93,101.92,105.25,102.41,102.51,102.94,101.95,102.94,101.95,153.91,102.47,-127.1250,0.7000,114.1667,-195.3889,-121.3636,-118.3846,-84.9375,-104.2143,-96.4423,-72.7903,-71.9,23.2,90799
2014-02-02, USD_JPY,sell,102.01,102.24,102.24,101.95,102.19,-0.05,-1.01,-0.43,-1.15,-2.41,-1.99,-0.00,-0.01,-0.00,-0.01,-0.02,-0.02,26,24,-31,4,20,5,-39,24,-239,-87,-247,-175,-0.02,-0.02,-0.02,-0.02,102.17,-0.63,4230,-78889,50440,-49182,45054,15.69,7.56,8.14,-109.27,101.78,105.13,102.11,102.38,102.38,101.95,102.94,101.95,153.22,102.27,-280.6250,-240.2000,-114.8333,-288.7778,-227.9091,-159.7692,-153.2500,-134.1190,-101.8077,-100.7581,23.2,-105.8,4349
2014-02-03, USD_JPY,buy,102.24,101.18,102.41,100.77,101.61,-1.55,-1.10,-2.06,-1.20,-2.21,-3.47,-0.02,-0.01,-0.02,-0.01,-0.02,-0.03,-112,-150,-43,-77,-146,-100,-51,-90,-95,-88,-385,-177,-0.03,-0.03,-0.03,-0.03,101.39,-0.29,-56186,4230,-78889,50440,-49182,15.73,7.57,8.16,-143.81,101.49,105.12,101.65,102.12,102.41,100.77,102.41,100.77,152.80,101.85,-119.5000,-190.2000,-171.5833,-130.0556,-207.2273,-142.7692,-156.8125,-139.4048,-96.9038,-96.7903,-105.8,51.5,112065
2014-02-04, USD_JPY,sell,101.18,101.70,101.77,100.75,101.34,-0.32,-1.04,-0.59,-0.41,-0.68,-1.69,-0.00,-0.01,-0.01,-0.00,-0.01,-0.02,-25,-18,-48,-53,-9,-27,-13,-48,-19,-24,-68,-33,-0.02,-0.02,-0.02,-0.03,101.48,-0.31,87182,-56186,4230,-78889,50440,15.57,7.50,8.07,-128.54,101.29,105.09,101.35,101.71,101.77,100.75,102.41,100.75,152.14,101.43,-292.2500,-225.2000,-266.5000,-53.7778,-279.5909,-229.5000,-169.2500,-112.9048,-122.5000,-114.1290,51.5,-22.6,101172
2014-02-05, USD_JPY,buy,101.70,101.47,101.70,100.80,101.32,-0.77,-0.55,-1.26,-1.20,-0.63,-0.91,-0.01,-0.01,-0.01,-0.01,-0.01,-0.01,-162,-16,-48,-56,-76,-95,-66,-68,-59,-80,-33,-53,-0.03,-0.03,-0.03,-0.03,101.36,-0.00,52575,87182,-56186,4230,-78889,15.65,7.53,8.11,-117.50,101.05,105.17,101.42,101.44,101.70,100.80,101.77,100.75,152.10,101.26,-136.6250,-247.8000,-199.3333,-137.2778,-171.6818,-230.5769,-163.9687,-111.2619,-116.8846,-119.5161,-22.6,57.2,106160
2014-02-06, USD_JPY,buy,101.47,102.04,102.17,101.24,101.67,0.86,-0.19,0.03,-1.20,-0.63,-0.06,0.01,-0.00,0.00,-0.01,-0.01,-0.00,77,114,32,79,9,39,-52,-14,-1,-13,57,1,-0.01,-0.02,-0.02,-0.02,101.88,0.59,60735,52575,87182,-56186,4230,15.61,7.52,8.09,-76.89,100.96,105.04,101.73,101.58,102.17,101.24,102.17,100.80,152.80,101.48,-60.2500,-13.9000,-127.0000,-141.1667,-7.0000,-205.2692,-131.0625,-101.0000,-113.4808,-105.4677,57.2,32.8,84144
2014-02-07, USD_JPY,hold,102.05,102.37,102.58,101.43,102.20,0.68,1.19,0.13,0.09,-0.87,-0.30,0.01,0.01,0.00,0.00,-0.01,-0.00,159,152,97,144,144,133,34,37,-16,17,36,18,-0.00,-0.01,-0.02,-0.02,102.19,-0.34,56255,60735,52575,87182,-56186,15.70,7.56,8.14,-51.95,100.99,104.79,102.11,101.76,102.58,101.43,102.58,101.24,153.29,101.86,203.2500,33.0000,56.0833,-87.3333,-32.0455,-77.3462,-135.6563,-100.7381,-95.3846,-74.5323,32.8,-3.8,87576
2014-02-09, USD_JPY,sell,102.54,102.50,102.66,102.44,102.57,1.03,0.81,1.32,-0.23,0.22,-0.74,0.01,0.01,0.01,-0.00,0.00,-0.01,190,139,172,166,105,156,51,98,43,50,-2,30,0.00,0.00,-0.01,-0.02,102.53,-0.36,-2124,56255,60735,52575,87182,15.75,7.58,8.17,-19.10,101.06,104.55,102.54,102.21,102.66,102.21,102.66,101.43,153.88,102.28,239.8750,177.9000,40.2500,-26.2778,-71.6364,31.1923,-127.3750,-107.9762,-103.3077,-73.4839,-3.8,-36.3,5013
2014-02-10, USD_JPY,buy,102.50,102.14,102.53,101.99,102.24,0.10,0.67,0.44,0.12,-0.59,-0.14,0.00,0.01,0.00,0.00,-0.01,-0.00,96,5,149,102,136,127,19,55,6,30,19,15,-0.01,0.00,-0.00,-0.01,102.20,-0.00,-22394,-2124,56255,60735,52575,15.77,7.59,8.18,-38.94,101.11,104.27,102.29,102.52,102.53,101.99,102.66,101.99,153.53,102.41,88.8750,166.5000,127.0833,-45.1667,-76.0455,-31.0000,-144.5625,-92.6429,-61.8654,-78.1452,-36.3,39.2,50049
2014-02-11, USD_JPY,hold,102.14,102.53,102.70,102.08,102.41,0.16,0.49,1.06,0.29,0.51,-0.20,0.00,0.00,0.01,0.00,0.01,-0.00,95,78,138,91,193,142,197,159,58,121,54,103,-0.01,-0.00,0.00,0.00,102.46,-0.02,24975,-22394,-2124,56255,60735,15.71,7.57,8.15,-15.00,101.22,103.99,102.36,102.32,102.70,102.08,102.70,101.99,153.74,102.33,30.1250,105.3000,167.2500,50.7778,-17.5000,-57.2308,-55.3125,-77.1429,-51.2692,-65.6613,39.2,-6.0,55338
2014-02-12, USD_JPY,sell,102.53,102.47,102.65,102.23,102.47,-0.04,0.09,0.42,1.29,0.23,0.45,-0.00,0.00,0.00,0.01,0.00,0.00,12,54,90,63,131,78,103,153,176,149,52,110,0.00,-0.01,-0.00,0.00,102.45,0.22,7501,24975,-22394,-2124,56255,15.77,7.59,8.18,-6.51,101.35,103.68,102.47,102.33,102.65,102.23,102.70,102.08,153.76,102.41,-1.1250,14.4000,79.6667,26.3333,-25.8182,-54.9231,25.0625,-77.0952,-63.1923,-79.7581,-6.0,-29.0,53264
2014-02-13, USD_JPY,sell,102.47,102.18,102.53,101.68,102.09,0.04,-0.32,-0.19,0.48,1.00,-0.06,0.00,-0.00,-0.00,0.00,0.01,-0.00,35,13,-122,-23,65,-7,140,131,85,126,78,101,-0.01,-0.00,-0.01,-0.00,102.14,0.89,11425,7501,24975,-22394,-2124,15.76,7.59,8.17,-35.28,101.44,103.39,102.22,102.50,102.53,101.68,102.65,101.68,153.37,102.27,0.8750,-24.7000,-7.8333,85.1111,26.3182,-27.6923,-24.9688,-105.5952,-83.1731,-81.5161,-29.0,-37.7,66975
2014-02-14, USD_JPY,sell,102.18,101.81,102.41,101.57,101.88,-0.72,-0.33,-0.70,0.33,0.11,0.62,-0.01,-0.00,-0.01,0.00,0.00,0.01,-43,-42,-34,-59,-298,-125,112,68,103,92,62,92,-0.00,-0.01,-0.00,-0.01,101.90,0.73,-27908,11425,7501,24975,-22394,15.72,7.57,8.15,-55.53,101.50,103.04,101.99,102.33,102.41,101.57,102.53,101.57,153.20,102.05,-72.3750,-23.7000,-40.9167,79.3333,-0.3636,-40.3846,-64.5938,-108.7381,-96.6538,-94.5645,-37.7,-10.6,63857
2014-02-16, USD_JPY,buy,101.65,101.54,101.82,101.54,101.60,-0.93,-0.99,-0.60,-0.50,0.07,-0.16,-0.01,-0.01,-0.01,-0.00,0.00,-0.00,-161,-60,-86,-88,-84,-110,31,-127,82,41,77,63,-0.01,-0.00,-0.01,-0.01,101.61,0.24,-4030,-27908,11425,7501,24975,15.66,7.54,8.12,-97.42,101.46,102.91,101.64,101.99,101.99,101.54,102.41,101.54,152.59,101.84,-207.3750,-175.6000,-117.8333,-39.0556,5.0455,-32.3846,-96.4688,-143.8095,-102.0192,-74.6935,-10.6,54.3,4059
2014-02-17, USD_JPY,buy,101.54,102.08,102.14,101.39,101.75,-0.10,-0.39,-0.45,-0.29,0.04,0.61,-0.00,-0.00,-0.00,-0.00,0.00,0.01,46,99,-34,24,0,4,56,-32,89,-7,142,96,0.01,-0.00,0.00,-0.01,101.92,-0.06,33551,-4030,-27908,11425,7501,15.62,7.52,8.10,-48.52,101.45,102.88,101.79,101.59,102.14,101.39,102.14,101.39,152.83,101.72,-99.0000,-103.0000,-93.9167,-49.2222,40.0000,-21.3846,-47.2500,-68.9762,-83.9808,-61.1774,54.3,23.6,39532
2014-02-18, USD_JPY,hold,102.08,102.32,102.74,101.76,102.40,0.51,0.14,-0.15,-0.19,-0.06,0.27,0.01,0.00,-0.00,-0.00,-0.00,0.00,88,162,74,145,21,61,-59,12,77,25,115,44,0.01,0.01,0.00,0.00,102.28,-0.48,8705,33551,-4030,-27908,11425,15.70,7.56,8.14,25.55,101.45,102.90,102.22,101.81,102.74,101.76,102.74,101.39,153.62,102.01,83.1250,42.1000,15.2500,9.6667,51.7727,75.1154,-12.0312,23.4524,-58.7500,-50.0484,23.6,-0.4,67614
2014-02-19, USD_JPY,hold,102.31,102.31,102.47,101.84,102.20,0.77,0.50,0.13,0.17,-0.20,-0.07,0.01,0.00,0.00,0.00,-0.00,-0.00,271,149,87,160,73,144,58,38,-62,10,76,24,0.01,0.01,0.01,0.00,102.23,0.12,29006,8705,33551,-4030,-27908,15.74,7.58,8.16,16.66,101.47,102.85,102.23,102.20,102.47,101.84,102.74,101.76,153.39,102.20,161.1250,11.2000,-11.0000,-6.9444,-10.2727,59.2308,13.9688,-22.1667,-87.8269,-71.8871,-0.4,1.3,58715
2014-02-20, USD_JPY,buy,102.31,102.32,102.42,101.67,102.09,0.24,0.78,0.52,-0.21,0.18,-0.18,0.00,0.01,0.01,-0.00,0.00,-0.00,124,86,276,152,89,163,39,45,61,41,-55,15,0.00,0.01,0.01,0.01,102.18,0.40,52585,29006,8705,33551,-4030,15.74,7.58,8.16,13.69,101.50,102.72,102.18,102.31,102.42,101.67,102.47,101.67,153.25,102.10,71.0000,119.7000,1.6667,-31.0556,-21.4091,19.0000,0.3750,-48.7381,-87.4423,-80.7419,1.3,15.4,70880
2014-02-21, USD_JPY,buy,102.32,102.48,102.83,102.32,102.55,0.16,0.40,0.94,0.01,-0.05,0.34,0.00,0.00,0.01,0.00,-0.00,0.00,72,94,145,106,330,183,59,86,64,72,90,71,0.00,0.00,0.01,0.01,102.53,-0.50,-19742,52585,29006,8705,33551,15.74,7.58,8.16,100.85,101.49,102.75,102.49,102.32,102.83,102.32,102.83,101.67,153.99,102.31,22.0000,138.9000,168.1667,19.9444,27.4545,19.3462,66.5313,-25.4524,-77.3462,-53.0161,15.4,6.6,51030
2014-02-23, USD_JPY,hold,102.47,102.54,102.59,102.47,102.55,0.23,0.22,0.46,0.36,0.07,0.01,0.00,0.00,0.00,0.00,0.00,0.00,111,89,79,102,153,114,100,189,73,96,74,82,0.00,0.00,0.00,0.01,102.53,-0.65,345,-19742,52585,29006,8705,15.77,7.59,8.17,99.10,101.50,102.72,102.52,102.40,102.59,102.40,102.83,102.32,153.82,102.55,30.3750,-31.0000,75.2500,6.1667,-10.1818,-5.2308,55.7187,-14.5000,-38.3462,-55.8710,6.6,-2.8,1803
2014-02-24, USD_JPY,sell,102.54,102.51,102.68,102.17,102.43,0.19,0.20,0.19,0.70,0.33,0.04,0.00,0.00,0.00,0.01,0.00,0.00,111,61,106,85,76,98,111,201,97,183,66,91,0.00,0.00,0.00,0.00,102.47,0.05,16852,345,-19742,52585,29006,15.78,7.60,8.18,78.94,101.51,102.76,102.47,102.51,102.68,102.17,102.68,102.17,153.76,102.48,64.5000,42.4000,-10.7500,29.7778,2.4545,11.5000,31.5625,-12.2381,16.4615,-51.3548,-2.8,-35.0,49494
2014-02-25, USD_JPY,buy,102.51,102.16,102.62,102.01,102.29,-0.32,-0.16,-0.15,0.62,0.35,-0.02,-0.00,-0.00,-0.00,0.01,0.00,-0.00,-31,-94,65,-72,50,28,218,120,70,130,56,114,-0.00,0.00,-0.00,-0.00,102.24,0.49,-26245,16852,345,-19742,52585,15.77,7.59,8.18,37.21,101.51,102.75,102.33,102.52,102.62,102.01,102.68,102.01,153.63,102.37,-51.8750,40.6000,26.1667,89.0556,8.2727,-5.8846,2.7500,18.1190,-11.8654,-68.5968,-35.0,14.5,51281
2014-02-26, USD_JPY,sell,102.16,102.30,102.61,102.10,102.32,-0.24,-0.17,-0.02,0.22,0.76,0.50,-0.00,-0.00,-0.00,0.00,0.01,0.00,-133,-19,-3,-36,84,-17,122,83,269,148,87,159,-0.00,-0.00,0.00,-0.00,102.33,-0.17,-11550,-26245,16852,345,-19742,15.72,7.57,8.15,49.33,101.67,102.70,102.29,102.33,102.61,102.10,102.62,102.01,153.66,102.34,5.6250,-44.1000,31.6667,52.6667,18.1818,-3.1538,-2.8437,9.3333,-32.0577,-67.2097,14.5,-18.5,53724
2014-02-27, USD_JPY,sell,102.30,102.12,102.45,101.72,102.12,-0.39,-0.42,-0.36,-0.20,0.04,0.58,-0.00,-0.00,-0.00,-0.00,0.00,0.01,-9,3,-283,-91,-39,-110,36,46,97,59,204,112,-0.00,-0.00,-0.00,-0.00,102.10,0.07,4803,-11550,-26245,16852,345,15.74,7.58,8.16,-19.04,101.74,102.68,102.15,102.23,102.45,101.72,102.61,101.72,153.31,102.22,-58.1250,-28.4000,-64.1667,-33.0000,56.7273,-6.6538,-5.1875,32.3571,-35.3654,-77.2903,-18.5,-33.6,52912
2014-02-28, USD_JPY,sell,102.12,101.78,102.30,101.56,101.89,-0.38,-0.73,-0.76,-0.53,-0.53,-0.30,-0.00,-0.01,-0.01,-0.01,-0.01,-0.00,-36,-30,-74,-58,-557,-223,-9,-33,2,2,52,15,-0.00,-0.00,-0.01,-0.01,101.85,0.62,-24433,4803,-11550,-26245,16852,15.71,7.56,8.15,-99.17,101.79,102.66,101.94,102.21,102.30,101.56,102.45,101.56,153.07,102.01,-82.0000,-76.6000,-48.7500,-19.0000,14.4545,-8.8462,-25.2812,28.5238,-22.9615,-41.5968,-33.6,-14.9,63219
2014-03-02, USD_JPY,buy,101.49,101.34,101.70,101.26,101.39,-0.96,-0.82,-1.17,-0.98,-0.97,-0.97,-0.01,-0.01,-0.01,-0.01,-0.01,-0.01,-150,-77,-108,-104,-160,-139,-42,-384,-79,-104,-42,-55,-0.00,-0.00,-0.01,-0.01,101.41,0.31,-4219,-24433,4803,-11550,-26245,15.66,7.54,8.12,-212.21,101.68,102.70,101.45,101.95,101.95,101.26,102.30,101.26,152.32,101.70,-228.8750,-185.7000,-163.9167,-80.6111,-95.2727,-9.7692,-59.7813,-22.7857,-47.7115,-17.9194,-14.9,7.8,6911
2014-03-03, USD_JPY,buy,101.34,101.42,101.58,101.20,101.38,-0.70,-0.88,-0.74,-1.06,-0.90,-0.89,-0.01,-0.01,-0.01,-0.01,-0.01,-0.01,-42,-7,-134,-65,-95,-90,-176,-391,-32,-354,-67,-91,-0.01,-0.00,-0.00,-0.01,101.41,-0.19,8905,-4219,-24433,4803,-11550,15.59,7.51,8.08,-179.80,101.56,102.72,101.39,101.42,101.58,101.20,101.70,101.20,152.18,101.43,-216.3750,-206.0000,-173.8333,-138.9444,-80.5455,-42.7692,-59.5000,-47.5714,-25.4808,-43.5968,7.8,79.4,56952
2014-03-04, USD_JPY,buy,101.42,102.21,102.29,101.42,101.92,0.43,0.10,-0.09,-0.32,-0.26,-0.11,0.00,0.00,-0.00,-0.00,-0.00,-0.00,88,191,67,125,21,59,-205,-54,-20,-72,72,-51,-0.00,0.00,0.01,0.00,102.04,-0.35,45697,8905,-4219,-24433,4803,15.60,7.51,8.09,-33.57,101.57,102.69,101.84,101.38,102.29,101.38,102.29,101.20,153.00,101.62,-1.1250,-31.0000,-53.2500,-33.0000,-11.7727,-34.7692,-7.4687,-17.3810,-4.7500,-37.1935,79.4,15.1,55520
2014-03-05, USD_JPY,buy,102.21,102.36,102.55,102.12,102.34,1.02,0.58,0.24,-0.15,-0.18,-0.11,0.01,0.01,0.00,-0.00,-0.00,-0.00,252,222,109,222,88,149,38,49,-83,4,8,-12,0.00,0.00,0.00,0.01,102.35,-0.27,6533,45697,8905,-4219,-24433,15.73,7.57,8.15,55.99,101.56,102.72,102.31,101.82,102.55,101.82,102.55,101.42,153.61,102.10,214.1250,51.2000,17.5833,-14.1111,-25.4091,6.5385,45.5938,1.0714,30.1923,-26.2581,15.1,69.7,48637
2014-03-06, USD_JPY,buy,102.36,103.06,103.17,102.33,102.85,1.64,1.72,1.28,0.90,0.55,0.52,0.02,0.02,0.01,0.01,0.01,0.01,488,298,411,362,203,367,171,181,174,178,485,277,0.01,0.01,0.01,0.01,102.91,-0.30,42017,6533,45697,8905,-4219,15.75,7.58,8.17,165.62,101.55,102.78,102.73,102.29,103.17,102.29,103.17,102.12,154.34,102.54,397.2500,294.9000,145.6667,60.6667,52.8636,57.6154,64.5625,22.3571,56.6538,8.9355,69.7,18.4,56768
2014-03-07, USD_JPY,buy,103.06,103.25,103.76,102.84,103.29,1.03,1.82,1.90,0.94,1.09,0.74,0.01,0.02,0.02,0.01,0.01,0.01,209,192,537,335,452,399,225,221,201,212,210,212,0.01,0.01,0.01,0.01,103.27,-0.63,-6667,42017,6533,45697,8905,15.86,7.63,8.22,222.74,101.52,102.89,103.23,102.71,103.76,102.71,103.76,102.33,155.18,103.03,368.0000,436.5000,344.6667,128.0556,98.5909,71.6923,63.7500,52.9286,61.1346,26.6935,18.4,14.1,55340
2014-03-09, USD_JPY,buy,103.04,103.18,103.26,103.03,103.17,0.82,0.97,1.76,1.06,0.88,1.02,0.01,0.01,0.02,0.01,0.01,0.01,244,127,202,182,520,322,201,286,212,211,190,201,0.01,0.01,0.01,0.01,103.16,-0.18,1605,-6667,42017,6533,45697,15.88,7.65,8.24,165.07,101.49,103.02,103.13,103.15,103.26,103.03,103.76,102.84,154.78,103.22,177.5000,194.1000,280.1667,90.6111,58.0000,51.8077,49.6875,34.7143,26.2308,32.8548,14.1,7.8,5315
2014-03-10, USD_JPY,sell,103.18,103.26,103.40,102.94,103.21,0.20,0.89,1.04,1.48,1.14,0.96,0.00,0.01,0.01,0.01,0.01,0.01,110,84,262,139,211,194,229,408,212,299,227,223,0.01,0.01,0.01,0.01,103.21,0.20,17102,1605,-6667,42017,6533,15.87,7.64,8.23,148.71,101.52,103.13,103.19,103.11,103.40,102.94,103.40,102.94,154.87,103.16,58.6250,170.5000,185.5000,123.1667,72.1364,55.8077,61.4688,47.3095,28.7692,31.9194,7.8,-39.9,45573
2014-03-11, USD_JPY,hold,103.26,102.86,103.43,102.78,103.18,-0.39,-0.20,0.50,1.52,1.08,0.74,-0.00,-0.00,0.00,0.01,0.01,0.01,2,-28,62,-2,170,78,364,321,176,325,157,232,0.01,0.00,0.00,0.00,102.98,-0.07,-36743,17102,1605,-6667,42017,15.89,7.65,8.24,106.28,101.60,103.19,103.08,103.22,103.43,102.78,103.43,102.78,154.82,103.14,-84.0000,51.5000,145.9167,192.4444,89.1818,61.8077,37.2500,76.4286,34.5385,53.5645,-39.9,-3.3,48245
2014-03-12, USD_JPY,sell,102.86,102.83,103.10,102.55,102.81,-0.35,-0.42,-0.24,1.41,1.48,1.04,-0.00,-0.00,-0.00,0.01,0.01,0.01,-85,-34,-1,-36,58,-9,427,250,357,315,171,318,0.01,0.01,0.00,0.00,102.83,0.35,-282,-36743,17102,1605,-6667,15.82,7.62,8.21,66.46,101.61,103.25,102.83,103.06,103.10,102.55,103.43,102.55,154.38,102.97,-40.5000,-132.7000,-11.6667,168.7778,73.0909,37.6154,31.9687,45.8571,15.3654,45.2581,-3.3,-104.5,51469
2014-03-13, USD_JPY,sell,102.82,101.78,102.86,101.54,102.21,-1.48,-1.40,-1.47,-0.44,0.36,0.44,-0.01,-0.01,-0.01,-0.00,0.00,0.00,-246,-181,-531,-311,-114,-297,41,-34,151,38,118,103,-0.00,-0.01,-0.00,-0.01,101.99,0.51,-47380,-282,-36743,17102,1605,15.82,7.62,8.20,-53.16,101.54,103.27,102.25,102.84,102.86,101.54,103.10,101.54,153.63,102.51,-136.1250,-80.4000,-150.5833,63.1667,105.8636,31.8077,11.3125,5.5476,8.0000,22.1290,-104.5,-41.7,74118
2014-03-14, USD_JPY,buy,101.78,101.36,101.86,101.21,101.50,-1.50,-1.90,-1.82,-1.00,-0.85,-0.06,-0.01,-0.02,-0.02,-0.01,-0.01,-0.00,-219,-150,-335,-258,-709,-421,-173,-149,-6,-98,42,-46,-0.00,-0.01,-0.01,-0.01,101.45,0.39,-35234,-47380,-282,-36743,17102,15.66,7.54,8.12,-128.89,101.40,103.31,101.55,102.30,102.30,101.21,102.86,101.21,152.46,101.87,-393.0000,-309.8000,-234.4167,-77.3889,24.9545,-33.8846,-48.0312,-29.1190,-26.0577,-23.3710,-41.7,8.2,66463
2014-03-16, USD_JPY,buy,101.28,101.36,101.44,101.26,101.38,-1.46,-1.50,-1.90,-1.70,-1.00,-0.85,-0.01,-0.01,-0.02,-0.02,-0.01,-0.01,-218,-69,-219,-150,-335,-257,-115,-327,-173,-149,-6,-98,0.00,-0.00,-0.01,-0.01,101.36,-0.34,612,-35234,-47380,-282,-36743,15.59,7.51,8.09,-129.87,101.26,103.36,101.34,101.57,101.57,101.26,101.86,101.21,152.07,101.44,-414.5000,-397.1000,-327.0833,-192.0000,-77.2273,-19.5000,-73.0625,-46.6190,-37.2692,-39.1774,8.2,53.7,4218
2014-03-17, USD_JPY,sell,101.36,101.90,101.92,101.35,101.66,0.12,-0.93,-0.96,-1.34,-1.16,-0.46,0.00,-0.01,-0.01,-0.01,-0.01,-0.00,27,160,-119,4,-136,-76,-101,-267,-51,-210,-49,-67,0.00,0.01,0.00,-0.00,101.77,-0.51,48554,612,-35234,-47380,-282,15.59,7.51,8.09,-72.35,101.21,103.35,101.63,101.32,101.92,101.32,101.92,101.26,152.59,101.49,-235.3750,-236.3000,-251.5000,-205.0000,-57.5909,25.9615,-33.0000,-43.4762,3.6923,-19.7097,53.7,-42.5,51909
2014-03-18, USD_JPY,buy,101.90,101.48,101.94,101.28,101.53,0.11,-0.30,-1.35,-1.70,-1.77,-1.59,0.00,-0.00,-0.01,-0.02,-0.02,-0.02,41,60,-4,51,-197,-53,-660,-391,-147,-372,-101,-303,-0.01,0.00,0.00,-0.00,101.54,0.18,-22181,48554,612,-35234,-47380,15.68,7.55,8.13,-82.96,101.11,103.34,101.65,101.63,101.94,101.28,101.94,101.28,152.58,101.62,21.2500,-183.9000,-193.2500,-146.8333,-111.7727,-27.0000,-22.2188,-30.8571,-7.5577,-24.5161,-42.5,96.3,55663
2014-03-19, USD_JPY,hold,101.47,102.44,102.69,101.30,101.96,1.08,1.08,0.66,-0.82,-0.74,-0.81,0.01,0.01,0.01,-0.01,-0.01,-0.01,635,333,189,338,67,297,-106,-60,-250,-136,-43,-133,0.00,0.00,0.01,0.01,102.22,-0.05,41799,-22181,48554,612,-35234,15.61,7.52,8.09,-9.84,101.12,103.33,101.97,101.69,102.69,101.30,102.69,101.28,153.34,101.80,310.7500,165.9000,-29.1667,-79.9444,-98.0455,10.2308,61.8438,0.2857,-2.2500,1.0645,96.3,-3.4,65048
2014-03-20, USD_JPY,sell,102.44,102.40,102.55,102.21,102.39,0.50,1.04,1.04,-0.45,-0.85,-0.78,0.00,0.01,0.01,-0.00,-0.01,-0.01,184,144,617,323,184,328,-58,-6,-113,-66,-265,-145,-0.01,0.00,0.00,0.01,102.39,0.86,7483,41799,-22181,48554,612,15.76,7.59,8.17,20.11,101.12,103.35,102.40,101.96,102.55,101.96,102.69,101.30,153.65,102.19,157.5000,221.3000,115.5000,-97.6667,-64.8636,-47.8077,60.4688,-3.5952,3.1346,0.5000,-3.4,-14.8,52074
2014-03-21, USD_JPY,buy,102.40,102.25,102.41,102.02,102.26,0.78,0.35,0.89,-0.57,-0.60,-1.00,0.01,0.00,0.01,-0.01,-0.01,-0.01,147,76,158,124,536,280,-54,53,-81,-27,-145,-93,-0.01,-0.01,-0.00,0.00,102.23,1.34,7387,7483,41799,-22181,48554,15.75,7.59,8.17,0.80,101.12,103.35,102.27,102.42,102.42,102.02,102.55,102.02,153.42,102.30,117.0000,98.0000,161.0833,-76.8333,-90.5455,-104.2308,7.3125,-9.6429,-0.4808,-0.0806,-14.8,11.8,34726
2014-03-23, USD_JPY,hold,102.15,102.27,102.30,102.10,102.24,-0.17,0.79,0.37,0.49,-0.56,-0.59,-0.00,0.01,0.00,0.00,-0.01,-0.01,69,50,149,78,161,126,55,254,-52,55,-79,-25,-0.01,-0.01,-0.01,-0.00,102.24,0.10,2126,7387,7483,41799,-22181,15.73,7.57,8.16,-0.15,101.14,103.34,102.21,102.33,102.33,102.10,102.41,102.02,153.35,102.21,-95.7500,72.3000,63.9167,-62.0000,-102.3182,-73.8462,-15.6250,-6.8810,-20.3654,15.4677,11.8,-2.3,3218
2014-03-24, USD_JPY,hold,102.27,102.25,102.65,102.13,102.37,-0.16,-0.19,0.77,0.88,0.47,-0.58,-0.00,-0.00,0.01,0.01,0.00,-0.01,10,46,68,45,145,74,160,282,53,248,-56,52,-0.01,-0.01,-0.01,-0.01,102.32,0.00,-27380,2126,7387,7483,41799,15.73,7.58,8.16,11.78,101.21,103.32,102.32,102.21,102.65,102.13,102.65,102.10,153.71,102.30,24.7500,-7.5000,117.8333,88.0000,-41.1364,-58.2308,-32.6562,16.7381,2.2692,16.4677,-2.3,5.5,49419
2014-03-25, USD_JPY,sell,102.24,102.30,102.49,102.10,102.27,0.05,-0.10,-0.14,0.94,0.94,0.52,0.00,-0.00,-0.00,0.01,0.01,0.01,72,67,26,65,72,56,561,293,168,298,57,262,-0.01,-0.01,-0.01,-0.01,102.30,-0.21,1670,-27380,2126,7387,7483,15.73,7.57,8.16,0.30,101.34,103.28,102.28,102.26,102.49,102.10,102.65,102.10,153.54,102.34,20.0000,-12.0000,-32.7500,116.2778,-33.7727,-72.2308,-79.6875,37.7619,-7.3269,-8.2258,5.5,-37.7,45214
2014-03-26, USD_JPY,buy,102.30,101.92,102.48,101.86,102.24,-0.35,-0.33,-0.48,0.02,0.56,0.56,-0.00,-0.00,-0.00,0.00,0.01,0.01,-92,-59,-24,-52,-85,-67,100,80,357,185,110,189,-0.01,-0.01,-0.01,-0.01,102.04,-0.29,-37175,1670,-27380,2126,7387,15.74,7.58,8.16,-35.89,101.41,103.26,102.14,102.27,102.48,101.86,102.49,101.86,153.41,102.23,44.2500,14.1000,-11.5833,62.2778,56.6818,-47.7692,-48.9375,42.7619,-5.5769,0.3871,-37.7,24.4,46638
2014-03-27, USD_JPY,buy,101.92,102.16,102.43,101.72,102.13,-0.08,-0.10,-0.09,0.69,0.26,0.80,-0.00,-0.00,-0.00,0.01,0.00,0.01,6,24,30,18,37,24,133,60,142,113,488,255,0.00,-0.01,-0.01,-0.01,102.12,-0.25,13951,-37175,1670,-27380,2126,15.68,7.55,8.13,-34.16,101.41,103.26,102.06,102.11,102.43,101.72,102.48,101.72,153.30,102.12,-53.2500,26.5000,4.3333,54.8889,90.2273,-32.7308,-60.6250,6.8095,-6.7885,0.4355,24.4,65.5,57754
2014-03-28, USD_JPY,sell,102.16,102.82,102.98,102.03,102.50,0.52,0.57,0.55,0.38,1.34,0.92,0.01,0.01,0.01,0.00,0.01,0.01,184,164,133,157,361,226,109,164,232,173,257,199,0.01,0.01,-0.00,-0.00,102.66,-0.47,28233,13951,-37175,1670,-27380,15.72,7.57,8.15,38.59,101.38,103.33,102.50,102.04,102.98,102.03,102.98,101.72,154.00,102.29,122.7500,66.4000,112.9167,32.7222,96.4545,86.4615,-28.0000,20.3571,20.5000,4.7742,65.5,-6.4,42757
2014-03-30, USD_JPY,buy,102.96,102.90,102.98,102.85,102.90,0.98,0.60,0.65,0.49,0.46,1.42,0.01,0.01,0.01,0.00,0.00,0.01,167,141,204,179,148,173,203,276,115,181,244,187,0.02,0.02,0.01,0.00,102.91,-0.24,-989,28233,13951,-37175,1670,15.82,7.62,8.20,81.28,101.39,103.31,102.92,102.49,102.98,102.49,102.98,102.03,154.41,102.71,125.2500,98.3000,55.4167,47.9444,94.5000,118.3077,-7.5000,-9.0476,26.3077,12.6290,-6.4,31.7,3555
2014-03-31, USD_JPY,buy,102.90,103.22,103.44,102.80,103.09,1.05,1.29,0.92,0.96,0.81,0.78,0.01,0.01,0.01,0.01,0.01,0.01,209,206,218,184,285,237,305,359,297,388,138,247,0.01,0.02,0.02,0.01,103.17,-0.30,14118,-989,28233,13951,-37175,15.83,7.62,8.21,119.00,101.39,103.30,103.09,102.93,103.44,102.80,103.44,102.80,154.84,103.02,250.8750,191.8000,158.2500,114.3889,68.4545,116.8846,36.1250,-15.5000,67.0192,24.4839,31.7,43.0,46329
2014-04-01, USD_JPY,buy,103.22,103.65,103.72,103.09,103.43,0.83,1.48,1.73,1.38,1.39,1.24,0.01,0.01,0.02,0.01,0.01,0.01,170,308,270,354,288,243,781,489,415,496,425,540,0.02,0.02,0.02,0.02,103.53,-0.29,35798,14118,-989,28233,13951,15.88,7.65,8.23,159.01,101.36,103.38,103.42,103.06,103.72,103.06,103.72,102.80,155.26,103.26,183.8750,256.1000,206.0000,157.0000,106.0455,136.5000,116.2187,21.5714,82.0769,35.1935,43.0,22.5,45681
2014-04-02, USD_JPY,hold,103.65,103.87,103.94,103.59,103.77,0.97,1.05,1.71,1.63,1.60,1.62,0.01,0.01,0.02,0.02,0.02,0.02,798,363,194,386,301,431,336,370,894,560,472,567,0.01,0.02,0.02,0.02,103.82,-0.14,27474,35798,14118,-989,28233,15.95,7.68,8.27,185.10,101.33,103.48,103.76,103.43,103.94,103.43,103.94,103.09,155.73,103.58,240.0000,192.1000,250.9167,143.6111,139.2273,96.5385,156.1250,25.5000,63.4038,42.8710,22.5,2.9,45151
2014-04-03, USD_JPY,sell,103.87,103.90,104.12,103.81,103.93,0.68,1.00,1.08,1.60,1.65,1.63,0.01,0.01,0.01,0.02,0.02,0.02,171,129,820,374,197,396,459,364,341,376,908,569,0.01,0.01,0.02,0.02,103.93,-0.29,-20488,27474,35798,14118,-989,15.98,7.69,8.29,177.07,101.25,103.65,103.92,103.76,104.12,103.76,104.12,103.59,156.02,103.86,169.7500,227.4000,189.5833,180.9444,165.0000,120.6538,137.4062,32.8333,60.1923,53.8871,2.9,-60.4,46677
2014-04-04, USD_JPY,hold,103.90,103.29,104.14,103.20,103.62,-0.35,0.08,0.40,1.37,0.99,1.05,-0.00,0.00,0.00,0.01,0.01,0.01,32,-74,77,8,346,152,231,195,305,252,224,253,0.01,0.01,0.01,0.02,103.48,-0.12,-47341,-20488,27474,35798,14118,15.98,7.70,8.29,116.31,101.21,103.74,103.63,103.88,104.14,103.20,104.14,103.20,155.74,103.82,105.1250,139.5000,192.5833,184.0556,135.2727,132.8462,137.1875,49.3095,37.1346,59.3387,-60.4,4.3,59320
2014-04-06, USD_JPY,sell,103.28,103.32,103.39,103.26,103.34,-0.55,-0.32,0.11,1.16,1.40,1.02,-0.01,-0.00,0.00,0.01,0.01,0.01,-74,-74,37,-66,82,14,224,243,236,199,312,257,0.01,0.01,0.01,0.01,103.33,-0.72,-160,-47341,-20488,27474,35798,15.89,7.65,8.24,81.35,101.24,103.86,103.32,103.60,103.60,103.26,104.14,103.20,155.02,103.50,-137.0000,-64.6000,-7.6667,106.3889,82.1364,83.8462,44.1875,25.3333,-14.2885,54.7258,4.3,-25.3,2573
2014-04-07, USD_JPY,sell,103.32,103.07,103.34,103.00,103.15,-0.83,-0.80,-0.58,0.25,0.91,1.15,-0.01,-0.01,-0.01,0.00,0.01,0.01,-245,-136,-146,-135,-3,-131,109,107,189,156,195,164,0.01,0.01,0.01,0.01,103.12,-0.74,-26025,-160,-47341,-20488,27474,15.90,7.65,8.24,54.33,101.38,103.90,103.18,103.30,103.34,103.00,103.39,103.00,154.84,103.25,-194.5000,-120.2000,-62.6667,39.9444,78.1818,53.1923,49.4062,70.6429,2.9615,56.7097,-25.3,-111.7,46440
2014-04-08, USD_JPY,buy,103.07,101.95,103.07,101.55,102.34,-1.34,-1.94,-1.92,-0.94,-0.86,-0.21,-0.01,-0.02,-0.02,-0.01,-0.01,-0.00,-133,-486,-613,-590,-463,-403,-704,-339,-8,-281,32,-226,-0.00,-0.00,-0.00,-0.00,102.13,0.48,-39285,-26025,-160,-47341,-20488,15.86,7.63,8.22,-51.83,101.46,103.87,102.41,103.20,103.20,101.55,103.34,101.55,153.85,102.74,-265.8750,-209.0000,-144.6667,10.2222,57.9545,44.8846,41.4687,77.6190,-12.7885,25.1774,-111.7,17.5,83915
2014-04-09, USD_JPY,sell,101.95,102.13,102.16,101.72,101.95,-1.20,-1.17,-1.77,-1.09,-0.77,-0.69,-0.01,-0.01,-0.02,-0.01,-0.01,-0.01,-887,-367,-114,-417,-556,-519,-104,-224,-567,-275,9,-220,0.00,-0.00,-0.00,-0.00,102.03,-0.54,49622,-39285,-26025,-160,-47341,15.69,7.55,8.13,-75.76,101.49,103.86,101.99,102.51,102.51,101.72,103.07,101.55,153.02,102.12,-307.7500,-394.9000,-326.0000,-141.8889,-74.4091,-24.4615,-8.8125,11.5476,-48.7115,-12.6129,17.5,-73.1,58156
2014-04-10, USD_JPY,buy,102.13,101.40,102.14,101.33,101.63,-1.67,-1.92,-1.89,-2.25,-1.82,-1.50,-0.02,-0.02,-0.02,-0.02,-0.02,-0.01,-464,-182,-1457,-643,-192,-704,-271,-563,-217,-369,-1139,-543,-0.01,-0.01,-0.01,-0.01,101.57,-0.87,-62397,49622,-39285,-26025,-160,15.71,7.57,8.15,-119.52,101.48,103.87,101.75,102.04,102.14,101.33,102.16,101.33,152.80,101.84,-300.1250,-250.7000,-332.8333,-175.1667,-76.5000,-22.7692,-31.8125,9.4286,-36.9808,-33.2742,-73.1,21.8,75549
2014-04-11, USD_JPY,sell,101.40,101.62,101.87,101.33,101.59,-0.34,-1.46,-1.71,-2.26,-2.03,-1.60,-0.00,-0.01,-0.02,-0.02,-0.02,-0.02,4,5,-401,-140,-1287,-561,-559,-484,-236,-507,-184,-326,-0.01,-0.01,-0.00,-0.01,101.61,-0.45,3952,-62397,49622,-39285,-26025,15.60,7.51,8.09,-114.23,101.37,103.90,101.55,101.76,101.87,101.33,102.14,101.33,152.54,101.67,-299.5000,-293.0000,-253.0000,-229.5556,-142.1818,-85.0385,-38.4063,-38.6190,-37.9231,-60.9516,21.8,-17.7,69866
2014-04-13, USD_JPY,buy,101.63,101.45,101.66,101.43,101.51,-0.68,-0.50,-1.62,-2.45,-2.42,-2.20,-0.01,-0.00,-0.02,-0.02,-0.02,-0.02,-60,-7,-6,-17,-449,-171,-779,-793,-605,-524,-262,-549,-0.01,-0.01,-0.01,-0.00,101.50,-0.40,-3509,3952,-62397,49622,-39285,15.63,7.53,8.11,-113.05,101.24,103.94,101.54,101.51,101.66,101.43,101.87,101.33,152.37,101.57,-126.0000,-283.0000,-280.3333,-273.3333,-187.0909,-101.7692,-51.3750,-42.4524,-7.6346,-51.7742,-17.7,46.6,4507
2014-04-14, USD_JPY,hold,101.45,101.92,102.01,101.42,101.72,0.52,-0.21,-0.04,-1.38,-1.98,-1.96,0.01,-0.00,-0.00,-0.01,-0.02,-0.02,72,130,44,74,24,47,-137,-501,-626,-605,-474,-412,-0.01,-0.01,-0.01,-0.00,101.82,0.03,34543,-3509,3952,-62397,49622,15.61,7.51,8.09,-80.36,101.19,103.95,101.70,101.54,102.01,101.42,102.01,101.42,152.72,101.63,-31.6250,-29.8000,-176.6667,-235.9444,-175.2727,-109.6923,-26.4062,-18.8810,21.9231,-44.9194,46.6,-3.7,51169
2014-04-15, USD_JPY,buy,101.92,101.88,101.99,101.50,101.78,0.27,0.48,-0.25,-1.44,-1.41,-2.02,0.00,0.00,-0.00,-0.01,-0.01,-0.02,101,125,68,122,36,68,-1080,-461,-140,-515,-637,-619,-0.02,-0.01,-0.01,-0.01,101.81,0.37,36927,34543,-3509,3952,-62397,15.68,7.55,8.13,-74.95,101.13,103.97,101.82,101.68,101.99,101.50,102.01,101.42,152.75,101.73,30.1250,-28.8000,-27.7500,-155.2778,-192.9545,-132.3462,-61.5625,-14.6429,2.9231,-46.2258,-3.7,32.8,68440
2014-04-16, USD_JPY,buy,101.88,102.21,102.37,101.87,102.24,0.76,0.59,0.81,-0.86,-1.11,-1.08,0.01,0.01,0.01,-0.01,-0.01,-0.01,339,205,161,211,108,203,-228,-24,-823,-336,-105,-386,-0.02,-0.01,-0.01,-0.01,102.16,0.30,19222,36927,34543,-3509,3952,15.67,7.55,8.13,-38.69,101.13,103.97,102.08,101.90,102.37,101.87,102.37,101.50,153.31,101.93,178.3750,99.3000,38.6667,-107.6111,-160.4545,-120.7308,-38.0937,-13.1905,16.5385,-23.5323,32.8,24.8,53996
2014-04-17, USD_JPY,hold,102.21,102.46,102.47,101.87,102.17,0.54,1.01,0.84,0.50,-0.61,-0.86,0.01,0.01,0.01,0.00,-0.01,-0.01,175,162,447,272,206,276,59,122,-156,23,-628,-241,-0.01,-0.01,-0.01,-0.01,102.31,-0.17,44169,19222,36927,34543,-3509,15.72,7.57,8.15,-27.52,101.15,103.96,102.25,102.05,102.47,101.87,102.47,101.87,153.40,102.14,114.1250,162.3000,99.0833,-67.0556,-83.9545,-126.8077,-60.5937,-0.9524,-8.3269,-12.6290,24.8,-4.2,45605
2014-04-18, USD_JPY,buy,102.46,102.42,102.57,102.36,102.44,0.54,0.50,0.97,0.29,0.46,-0.65,0.01,0.00,0.01,0.00,0.00,-0.01,185,128,168,154,429,261,157,163,57,116,-168,15,-0.01,-0.01,-0.01,-0.01,102.44,0.54,-6001,44169,19222,36927,34543,15.76,7.59,8.17,-11.65,101.22,103.94,102.45,102.34,102.57,102.34,102.57,101.87,153.75,102.32,144.1250,111.8000,152.3333,45.5556,-69.8182,-120.3462,-71.5000,4.3810,0.8654,23.0806,-4.2,12.1,12515
2014-04-20, USD_JPY,buy,102.44,102.56,102.63,102.39,102.52,0.35,0.68,0.65,1.16,0.43,0.61,0.00,0.01,0.01,0.01,0.00,0.01,138,116,215,156,192,182,152,290,190,189,66,136,-0.01,-0.01,-0.01,-0.01,102.54,0.48,1316,-6001,44169,19222,36927,15.76,7.59,8.17,-6.26,101.28,103.93,102.51,102.44,102.63,102.39,102.63,102.36,153.83,102.49,65.2500,127.4000,103.2500,54.7778,-40.0455,-58.5000,-81.7812,9.3810,8.5769,38.3710,12.1,11.8,3129
2014-04-21, USD_JPY,hold,102.56,102.68,102.71,102.50,102.60,0.22,0.47,0.80,1.07,1.28,0.55,0.00,0.00,0.01,0.01,0.01,0.01,135,136,162,150,239,179,247,334,167,319,217,210,-0.00,-0.01,-0.01,-0.01,102.64,-0.09,17966,1316,-6001,44169,19222,15.78,7.60,8.18,3.92,101.28,103.90,102.61,102.50,102.71,102.50,102.71,102.39,153.96,102.56,59.6250,67.3000,118.7500,92.5556,49.6364,-48.6154,-88.1250,-12.9762,15.5769,25.4355,11.8,-5.4,23725
2014-04-22, USD_JPY,sell,102.68,102.63,102.72,102.41,102.58,0.21,0.17,0.42,1.18,1.01,1.23,0.00,0.00,0.00,0.01,0.01,0.01,127,96,126,117,151,135,521,317,237,320,160,306,0.01,-0.00,-0.01,-0.01,102.60,0.19,14359,17966,1316,-6001,44169,15.80,7.61,8.19,1.38,101.30,103.86,102.61,102.62,102.72,102.41,102.72,102.41,153.93,102.59,38.2500,51.1000,58.9167,118.5556,53.2273,-26.7692,-88.2188,-12.1905,2.9423,25.2742,-5.4,-13.2,37120
2014-04-23, USD_JPY,sell,102.63,102.50,102.69,102.17,102.43,-0.06,0.08,0.04,0.58,1.05,0.88,-0.00,0.00,0.00,0.01,0.01,0.01,44,23,64,35,104,71,181,169,464,282,213,286,0.00,0.01,-0.01,-0.01,102.46,0.54,10686,14359,17966,1316,-6001,15.79,7.60,8.19,-9.38,101.33,103.76,102.50,102.66,102.69,102.17,102.72,102.17,153.78,102.50,15.5000,24.5000,37.5000,75.7222,74.5000,40.9615,-43.6562,-35.4524,7.8846,0.2742,-13.2,-18.8,42785
2014-04-24, USD_JPY,sell,102.50,102.31,102.65,102.09,102.33,-0.37,-0.25,-0.11,0.43,0.39,0.86,-0.00,-0.00,-0.00,0.00,0.00,0.01,-93,-33,-34,-53,-26,-51,163,108,149,133,382,232,0.01,0.00,0.00,-0.01,102.34,0.55,-10605,10686,14359,17966,1316,15.77,7.59,8.18,-16.08,101.37,103.58,102.38,102.56,102.65,102.09,102.69,102.09,153.69,102.40,-14.8750,3.2000,12.7500,72.5556,90.0455,39.1538,-43.2187,-50.8333,6.4808,3.1935,-18.8,-11.6,51288
2014-04-25, USD_JPY,sell,102.31,102.19,102.50,101.96,102.19,-0.44,-0.49,-0.37,-0.02,0.31,0.28,-0.00,-0.00,-0.00,-0.00,0.00,0.00,-70,-15,-149,-72,-82,-101,64,12,140,86,130,111,0.01,0.01,0.00,0.00,102.21,0.45,-6205,-10605,10686,14359,17966,15.74,7.58,8.16,-24.98,101.42,103.37,102.24,102.40,102.50,101.96,102.65,101.96,153.48,102.30,-55.7500,-41.2000,-21.7500,14.5000,44.4545,48.2308,-35.6875,-68.5238,2.5577,2.9839,-11.6,-8.4,42885
2014-04-27, USD_JPY,buy,102.19,102.10,102.21,102.10,102.15,-0.39,-0.52,-0.58,-0.35,-0.10,0.22,-0.00,-0.01,-0.01,-0.00,-0.00,0.00,-12,5,-98,-36,-192,-101,39,-68,46,-12,122,69,0.01,0.00,0.01,-0.00,102.13,0.37,-2127,-6205,-10605,10686,14359,15.72,7.57,8.15,-28.18,101.47,103.14,102.15,102.25,102.25,102.10,102.50,101.96,153.26,102.19,-121.5000,-103.3000,-83.2500,-29.0000,19.3636,42.3462,2.9063,-90.9286,-29.6923,-3.0484,-8.4,42.0,2299
2014-04-28, USD_JPY,hold,102.10,102.52,102.63,102.05,102.36,0.22,0.03,-0.10,0.11,0.07,0.31,0.00,0.00,-0.00,0.00,0.00,0.00,78,192,67,83,35,60,77,48,109,80,130,105,0.01,0.01,0.01,0.01,102.43,0.04,28134,-2127,-6205,-10605,10686,15.71,7.56,8.15,26.83,101.50,103.03,102.33,102.15,102.63,102.05,102.63,102.05,153.65,102.25,-4.5000,-12.8000,-15.7500,6.5000,23.5455,47.5000,30.6875,-71.7143,-13.4808,-0.5806,42.0,4.1,43953
2014-04-29, USD_JPY,sell,102.53,102.57,102.78,102.48,102.62,0.38,0.26,0.07,0.01,0.15,0.11,0.00,0.00,0.00,0.00,0.00,0.00,112,212,85,211,75,91,73,51,98,67,116,96,0.01,0.01,0.01,0.01,102.60,-0.32,-11959,28134,-2127,-6205,-10605,15.77,7.59,8.18,80.96,101.54,102.92,102.59,102.31,102.78,102.31,102.78,102.05,154.02,102.48,70.7500,27.3000,15.0833,16.9444,28.6818,60.7308,56.8750,-28.9524,-25.1538,9.5323,4.1,-33.9,29303
2014-04-30, USD_JPY,hold,102.57,102.23,102.67,102.03,102.32,0.12,0.04,-0.08,-0.45,-0.33,-0.19,0.00,0.00,-0.00,-0.00,-0.00,-0.00,119,23,49,66,25,64,-132,-60,-67,-86,-65,-88,0.00,0.00,0.00,0.01,102.29,-0.02,-20824,-11959,28134,-2127,-6205,15.78,7.60,8.18,30.76,101.58,102.79,102.37,102.55,102.67,102.03,102.78,102.03,153.69,102.49,116.5000,34.5000,4.3333,-3.7222,9.3182,23.3077,63.5312,-31.6905,-40.0577,6.2742,-33.9,5.0,54364
2014-05-01, USD_JPY,hold,102.23,102.28,102.37,102.13,102.26,-0.25,0.17,0.09,-0.35,-0.40,-0.28,-0.00,0.00,0.00,-0.00,-0.00,-0.00,39,4,166,47,58,88,-42,4,-107,-43,-46,-65,-0.00,0.00,0.00,0.00,102.26,-0.20,6871,-20824,-11959,28134,-2127,15.73,7.57,8.15,17.76,101.62,102.79,102.25,102.40,102.40,102.13,102.67,102.03,153.43,102.30,-65.2500,32.2000,-22.0833,-39.5000,-23.9091,-7.6923,22.2813,-33.5000,-60.4423,-2.1290,5.0,-5.5,27898
2014-05-02, USD_JPY,hold,102.28,102.22,103.04,102.13,102.50,-0.34,-0.30,0.12,-0.27,-0.41,-0.46,-0.00,-0.00,0.00,-0.00,-0.00,-0.00,-82,-4,30,-7,114,21,10,27,-60,-8,-134,-61,-0.00,-0.00,0.00,0.00,102.41,-0.30,-41220,6871,-20824,-11959,28134,15.74,7.58,8.16,61.11,101.63,102.79,102.42,102.25,103.04,102.13,103.04,102.13,154.11,102.42,64.8750,82.8000,139.3333,38.8889,30.5909,36.3462,65.5625,42.0238,-41.2885,2.0645,-5.5,5.0,51258
2014-05-04, USD_JPY,sell,102.16,102.21,102.26,102.15,102.24,-0.02,-0.36,-0.31,-0.10,-0.29,-0.42,-0.00,-0.00,-0.00,-0.00,-0.00,-0.00,28,23,-86,-8,28,-10,22,57,7,25,-64,-11,-0.00,-0.00,-0.00,0.00,102.21,0.17,177,-41220,6871,-20824,-11959,15.73,7.57,8.15,-7.76,101.76,102.74,102.20,102.25,102.26,102.15,103.04,102.13,153.34,102.40,-102.2500,-103.9000,-60.8333,-42.5556,-41.7727,-28.2308,-6.6250,6.0000,-71.9615,-23.0806,5.0,-6.5,1924
2014-05-05, USD_JPY,sell,102.21,102.14,102.23,101.87,102.03,-0.14,-0.09,-0.42,-0.05,-0.17,-0.35,-0.00,-0.00,-0.00,-0.00,-0.00,-0.00,5,1,17,7,-108,-28,33,29,10,27,-5,12,-0.01,-0.00,-0.00,-0.00,102.09,0.35,14715,177,-41220,6871,-20824,15.72,7.57,8.15,-54.92,101.84,102.71,102.11,102.19,102.23,101.87,102.26,101.87,153.16,102.13,-35.6250,-89.5000,-93.0000,-30.5556,-42.5000,-37.0000,-15.1563,16.7619,-44.8462,-39.0968,-6.5,-42.0,27307
2014-05-06, USD_JPY,buy,102.14,101.72,102.16,101.50,101.72,-0.50,-0.56,-0.50,-0.38,-0.47,-0.59,-0.00,-0.01,-0.00,-0.00,-0.00,-0.01,-45,-146,-171,-190,-47,-88,-351,-217,-44,-150,-64,-153,-0.01,-0.01,-0.01,-0.01,101.77,0.50,-11955,14715,177,-41220,6871,15.71,7.57,8.15,-156.44,101.88,102.70,101.88,102.18,102.18,101.50,102.23,101.50,152.90,101.94,-222.1250,-42.7000,-86.4167,-5.8333,-44.7727,-43.7692,-26.0000,23.7143,-45.5385,-50.3226,-42.0,14.5,38811
2014-05-07, USD_JPY,sell,101.73,101.87,102.01,101.43,101.69,-0.34,-0.35,-0.41,-0.65,-0.23,-0.32,-0.00,-0.00,-0.00,-0.01,-0.00,-0.00,-230,-57,-28,-85,-109,-122,-29,-83,-214,-146,-16,-86,-0.01,-0.01,-0.01,-0.01,101.80,-0.06,26816,-11955,14715,177,-41220,15.65,7.54,8.11,-162.37,101.87,102.70,101.76,101.93,102.01,101.43,102.16,101.43,152.73,101.77,-63.6250,-206.7000,-59.7500,-68.8333,-44.6364,-52.5769,-38.8438,-0.0952,-40.8462,-62.2581,14.5,-28.0,51619
2014-05-08, USD_JPY,buy,101.87,101.59,101.96,101.46,101.72,-0.55,-0.62,-0.63,-0.98,-0.93,-0.51,-0.01,-0.01,-0.01,-0.01,-0.01,-0.01,-76,-11,-465,-175,-59,-200,-287,-194,-77,-144,-476,-280,-0.01,-0.01,-0.01,-0.01,101.65,-0.13,-24226,26816,-11955,14715,177,15.67,7.55,8.13,-187.45,101.83,102.71,101.72,101.80,101.96,101.46,102.01,101.43,152.69,101.72,-66.5000,-60.9000,-180.5833,-91.5556,-22.5000,-52.8846,-46.6875,-1.6429,-7.7308,-69.5806,-28.0,25.6,50115
2014-05-09, USD_JPY,hold,101.59,101.85,101.86,101.55,101.74,0.12,-0.30,-0.36,-0.38,-0.72,-0.68,0.00,-0.00,-0.00,-0.00,-0.01,-0.01,53,67,-5,39,-251,-67,-28,-59,-204,-117,-34,-89,-0.00,-0.00,-0.01,-0.01,101.77,0.04,32529,-24226,26816,-11955,14715,15.63,7.53,8.10,-140.78,101.77,102.73,101.71,101.73,101.86,101.55,101.96,101.46,152.63,101.71,-74.0000,-73.4000,-67.5833,-90.5000,-70.0455,-49.3846,-54.0625,-24.3571,-10.7500,-73.4355,25.6,-0.2,35368
2014-05-11, USD_JPY,buy,101.88,101.88,101.93,101.78,101.86,0.01,0.16,-0.26,-0.40,-0.35,-0.69,0.00,0.00,-0.00,-0.00,-0.00,-0.01,77,89,58,73,4,46,-105,-118,-23,-51,-193,-107,-0.00,-0.00,-0.00,-0.01,101.87,-0.16,1535,32529,-24226,26816,-11955,15.67,7.54,8.12,-94.98,101.73,102.71,101.87,101.72,101.93,101.72,101.93,101.55,152.82,101.78,-21.1250,-45.9000,-50.0833,-49.2222,-78.0455,-21.6923,-48.0000,-25.8571,1.9808,-47.3065,-0.2,30.5,4016
2014-05-12, USD_JPY,hold,101.88,102.19,102.22,101.85,102.03,0.60,0.32,0.46,-0.04,-0.09,-0.04,0.01,0.00,0.00,-0.00,-0.00,-0.00,145,211,130,160,104,127,5,43,23,21,24,17,-0.00,0.00,-0.00,-0.00,102.11,-0.08,24193,1535,32529,-24226,26816,15.67,7.55,8.13,-32.10,101.74,102.69,102.04,101.88,102.22,101.85,102.22,101.78,153.15,101.95,66.1250,42.9000,11.5833,-91.0000,-40.8182,-31.1538,-26.4375,-16.5000,21.8269,-35.9516,30.5,4.7,30262
2014-05-13, USD_JPY,sell,102.19,102.23,102.36,102.06,102.23,0.39,0.64,0.36,0.02,0.01,-0.04,0.00,0.01,0.00,0.00,0.00,-0.00,220,213,155,230,138,171,74,96,11,62,43,43,-0.00,-0.00,0.00,0.00,102.22,-0.17,5348,24193,1535,32529,-24226,15.72,7.57,8.15,7.46,101.75,102.64,102.21,102.03,102.36,102.03,102.36,101.85,153.39,102.13,126.3750,80.9000,59.0833,11.1111,-0.3636,-32.2692,-8.5313,-12.7143,13.5577,-22.8226,4.7,-45.5,37316
2014-05-14, USD_JPY,sell,102.23,101.78,102.23,101.72,101.89,-0.10,-0.07,0.19,-0.36,-0.43,-0.44,-0.00,-0.00,0.00,-0.00,-0.00,-0.00,-3,-38,74,17,63,44,-24,26,-308,-96,-39,-123,-0.00,-0.01,-0.01,-0.00,101.88,-0.07,-29385,5348,24193,1535,32529,15.73,7.57,8.16,-69.75,101.70,102.60,101.99,102.21,102.23,101.72,102.36,101.72,153.09,102.10,77.1250,75.0000,45.6667,0.8889,-73.5909,-33.8077,1.6562,-22.5238,9.2115,2.3548,-45.5,-28.8,37876
2014-05-15, USD_JPY,hold,101.78,101.49,102.12,101.31,101.72,-0.70,-0.39,-0.36,-0.23,-0.65,-0.72,-0.01,-0.00,-0.00,-0.00,-0.01,-0.01,-96,-109,-205,-163,-18,-106,0,4,-104,-31,-550,-218,-0.01,-0.01,-0.01,-0.01,101.60,0.24,-31634,-29385,5348,24193,1535,15.66,7.54,8.12,-129.05,101.60,102.59,101.68,102.01,102.12,101.31,102.23,101.31,152.78,101.85,-25.8750,39.1000,43.6667,-3.7778,-13.0455,-19.0385,-31.7812,-28.7143,-9.5962,-0.5645,-28.8,2.2,56718
2014-05-16, USD_JPY,hold,101.49,101.51,101.67,101.37,101.51,-0.72,-0.67,-0.37,-0.36,-0.21,-0.63,-0.01,-0.01,-0.00,-0.00,-0.00,-0.01,-180,-65,-90,-103,-189,-153,13,4,2,8,-97,-27,-0.01,-0.01,-0.01,-0.01,101.52,-0.43,-1603,-31634,-29385,5348,24193,15.61,7.52,8.10,-140.61,101.51,102.58,101.51,101.63,101.67,101.37,102.12,101.31,152.36,101.62,-172.6250,-110.1000,-41.9167,-37.3333,-50.1818,-105.3462,-69.3750,-48.5476,-30.5577,-6.4516,2.2,-1.3,39564
2014-05-18, USD_JPY,sell,101.55,101.54,101.58,101.48,101.53,-0.24,-0.69,-0.65,-0.05,-0.33,-0.18,-0.00,-0.01,-0.01,-0.00,-0.00,-0.00,-34,16,-171,-59,-82,-96,15,-51,18,10,6,13,-0.01,-0.01,-0.01,-0.01,101.54,-0.74,617,-1603,-31634,-29385,5348,15.62,7.52,8.10,-118.55,101.44,102.57,101.54,101.50,101.58,101.48,101.67,101.37,152.32,101.52,-163.5000,-156.9000,-107.4167,-42.2222,-52.2727,-52.6538,-68.3437,-50.8333,-38.1154,-2.4839,-1.3,-6.8,2599
2014-05-19, USD_JPY,sell,101.54,101.47,101.60,101.10,101.32,-0.02,-0.31,-0.76,-0.37,-0.12,-0.40,-0.00,-0.00,-0.01,-0.00,-0.00,-0.00,19,16,-48,2,-193,-74,-23,-114,2,-79,6,-4,-0.01,-0.01,-0.01,-0.01,101.41,0.24,19410,617,-1603,-31634,-29385,15.62,7.52,8.10,-132.48,101.37,102.57,101.43,101.55,101.60,101.10,101.60,101.10,152.15,101.44,-130.2500,-126.8000,-127.4167,-28.7778,-37.2727,-48.1538,-48.0313,-42.9048,-39.6731,-13.2903,-6.8,-20.2,39576
2014-05-20, USD_JPY,buy,101.47,101.27,101.60,101.19,101.36,-0.24,-0.22,-0.51,-0.61,-0.58,-0.32,-0.00,-0.00,-0.00,-0.01,-0.01,-0.00,-30,-67,-5,-80,-87,-41,-359,-258,-88,-201,-38,-162,-0.00,-0.01,-0.01,-0.01,101.33,0.54,-21266,19410,617,-1603,-31634,15.61,7.52,8.09,-123.73,101.28,102.58,101.38,101.51,101.60,101.19,101.60,101.10,152.20,101.37,-17.3750,-103.3000,-104.9167,-35.6667,-32.3182,-42.3462,-89.9375,-28.7143,-42.4038,-12.5806,-20.2,16.6,34773
2014-05-21, USD_JPY,buy,101.27,101.44,101.62,100.82,101.23,-0.10,-0.08,-0.05,-0.75,-0.44,-0.41,-0.00,-0.00,-0.00,-0.01,-0.00,-0.00,-41,28,23,16,15,0,-110,-123,-242,-186,-35,-129,-0.00,-0.00,-0.01,-0.01,101.33,-0.01,28440,-21266,19410,617,-1603,15.58,7.50,8.08,-124.80,101.26,102.49,101.29,101.37,101.62,100.82,101.62,100.82,152.03,101.31,9.8750,-10.9000,-83.5833,-67.2222,-21.7727,-30.0385,-40.3125,-48.0952,-42.4808,-24.2258,16.6,34.3,52443
2014-05-22, USD_JPY,buy,101.44,101.78,101.82,101.35,101.64,0.31,0.24,0.27,-0.46,-0.41,-0.10,0.00,0.00,0.00,-0.00,-0.00,-0.00,135,132,297,191,134,188,-92,-7,-19,-33,-2,-38,0.00,-0.00,0.00,-0.00,101.68,-0.22,31448,28440,-21266,19410,617,15.61,7.51,8.09,-44.53,101.28,102.39,101.59,101.35,101.82,101.35,101.82,100.82,152.49,101.40,54.2500,47.4000,23.8333,-60.8333,-9.8636,-11.0000,-25.5625,-46.0476,-33.7115,-21.0161,34.3,20.8,37507
2014-05-23, USD_JPY,hold,101.78,101.99,102.02,101.60,101.86,0.72,0.51,0.45,0.21,-0.25,-0.20,0.01,0.01,0.00,0.00,-0.00,-0.00,192,158,177,172,503,291,51,112,-24,37,36,21,0.00,0.00,0.00,0.00,101.90,-0.07,27676,31448,28440,-21266,19410,15.66,7.54,8.12,13.22,101.30,102.35,101.85,101.61,102.02,101.60,102.02,101.35,152.82,101.70,104.2500,84.3000,73.5833,-23.6111,-18.4545,12.5000,-8.3437,-31.0476,-24.0769,-17.7258,20.8,3.7,32933
2014-05-25, USD_JPY,sell,101.94,101.98,102.01,101.91,101.97,0.54,0.71,0.51,0.49,0.20,-0.26,0.01,0.01,0.00,0.00,0.00,-0.00,145,123,190,156,176,170,82,258,50,110,-27,35,0.00,0.00,0.00,0.00,101.97,0.35,806,27676,31448,28440,-21266,15.69,7.55,8.14,44.62,101.31,102.30,101.96,101.88,102.01,101.88,102.02,101.60,152.96,101.88,96.8750,80.5000,67.8333,-12.6667,-32.5000,6.2692,-0.1875,-17.2143,-19.0000,-20.1452,3.7,-6.7,1950
2014-05-26, USD_JPY,buy,101.98,101.91,102.05,101.84,101.92,0.13,0.47,0.64,0.40,0.42,0.13,0.00,0.00,0.01,0.00,0.00,0.00,120,64,136,110,174,143,176,255,74,226,37,96,-0.00,0.00,0.00,0.00,101.93,0.45,-4880,806,27676,31448,28440,15.69,7.55,8.14,48.79,101.33,102.26,101.95,101.96,102.05,101.84,102.05,101.84,152.97,101.95,58.2500,86.1000,74.2500,41.7778,-16.7273,-13.4231,5.6250,-47.3095,-6.0577,-21.1935,-6.7,7.7,14855
2014-05-27, USD_JPY,sell,101.91,101.99,102.14,101.73,101.96,0.00,0.21,0.55,0.45,0.47,0.50,0.00,0.00,0.01,0.00,0.00,0.00,92,80,136,102,146,124,503,291,201,294,83,263,-0.00,-0.00,0.00,0.00,101.96,-0.08,7972,-4880,806,27676,31448,15.68,7.55,8.13,61.44,101.34,102.22,101.94,101.94,102.14,101.73,102.14,101.73,153.01,101.94,30.2500,65.1000,87.1667,62.5000,1.9545,-17.0769,17.7187,-5.8095,-18.7308,-18.7581,7.7,-26.5,30784
2014-05-28, USD_JPY,hold,101.99,101.72,102.03,101.64,101.83,-0.26,-0.27,-0.06,0.25,0.18,0.21,-0.00,-0.00,-0.00,0.00,0.00,0.00,-198,-85,29,-75,79,-29,124,121,240,164,115,160,-0.00,-0.01,-0.00,-0.00,101.78,-0.07,-17642,7972,-4880,806,27676,15.69,7.55,8.14,16.71,101.34,102.18,101.84,101.95,102.03,101.64,102.14,101.64,152.85,101.88,5.6250,1.6000,35.4167,47.7222,32.3182,-15.7308,6.5000,-9.3571,-29.0192,-21.4194,-26.5,0.5,30796
2014-05-29, USD_JPY,hold,101.72,101.73,101.80,101.43,101.65,-0.18,-0.25,-0.26,0.46,0.25,0.19,-0.00,-0.00,-0.00,0.00,0.00,0.00,-54,-10,-193,-82,30,-72,129,107,125,122,245,166,0.00,-0.00,-0.00,-0.00,101.67,-0.22,20898,-17642,7972,-4880,806,15.65,7.53,8.11,-30.15,101.34,102.18,101.67,101.85,101.85,101.43,102.03,101.43,152.52,101.72,-62.1250,-41.1000,-36.6667,21.8889,20.1364,-24.5769,-26.4375,-16.8333,-33.5385,-27.2903,0.5,0.2,34769
2014-05-30, USD_JPY,hold,101.73,101.73,101.85,101.49,101.68,-0.26,-0.18,-0.25,0.29,0.46,0.26,-0.00,-0.00,-0.00,0.00,0.00,0.00,0,34,-53,-9,-191,-81,113,75,130,108,125,123,0.00,0.00,-0.00,-0.00,101.70,-0.42,10433,20898,-17642,7972,-4880,15.65,7.54,8.11,-15.77,101.35,102.16,101.70,101.72,101.85,101.49,101.85,101.43,152.59,101.64,-73.7500,-40.5000,-26.5833,25.3333,22.5000,13.3462,-32.3125,-7.7381,-20.0385,-21.0806,0.2,2.0,31750
2014-06-01, USD_JPY,buy,101.87,101.89,101.90,101.75,101.85,0.17,-0.10,-0.02,0.11,0.45,0.62,0.00,-0.00,-0.00,0.00,0.00,0.01,63,99,39,75,22,41,115,53,133,105,168,139,0.00,0.00,0.00,0.00,101.86,-0.13,2089,10433,20898,-17642,7972,15.65,7.54,8.12,33.47,101.37,102.17,101.85,101.73,101.90,101.73,101.90,101.49,152.77,101.75,-33.3750,-49.3000,-25.6667,8.7778,26.5000,24.3077,-21.1250,-3.0476,-44.1346,-10.0484,2.0,55.8,2334
2014-06-02, USD_JPY,buy,101.89,102.44,102.49,101.86,102.17,0.72,0.72,0.46,0.46,0.66,1.01,0.01,0.01,0.00,0.00,0.01,0.01,271,341,205,248,172,216,199,348,233,329,203,211,0.01,0.01,0.01,0.01,102.31,-0.05,32070,2089,10433,20898,-17642,15.68,7.55,8.13,147.84,101.33,102.26,102.17,101.88,102.49,101.86,102.49,101.75,153.42,102.00,171.0000,91.2000,57.1667,51.5556,78.7273,68.1154,22.7812,29.8333,8.5000,-4.6452,55.8,12.7,37083
2014-06-03, USD_JPY,buy,102.44,102.57,102.59,102.27,102.42,0.84,0.84,0.85,0.59,0.58,0.79,0.01,0.01,0.01,0.01,0.01,0.01,304,329,305,393,237,282,687,412,228,421,259,391,0.01,0.01,0.01,0.01,102.50,-0.06,24838,32070,2089,10433,20898,15.76,7.59,8.17,179.59,101.29,102.37,102.47,102.16,102.59,102.16,102.59,101.86,153.73,102.30,185.7500,157.8000,93.5000,64.8333,70.3182,75.8462,57.2812,31.6667,14.0192,-6.2419,12.7,11.2,28918
2014-06-04, USD_JPY,sell,102.57,102.68,102.80,102.44,102.64,0.79,0.95,0.95,0.77,0.70,0.69,0.01,0.01,0.01,0.01,0.01,0.01,646,301,335,370,334,438,400,298,802,477,253,485,0.01,0.01,0.01,0.01,102.65,-0.14,11871,24838,32070,2089,10433,15.78,7.60,8.18,193.57,101.26,102.45,102.62,102.50,102.80,102.44,102.80,102.27,154.01,102.52,225.1250,189.8000,165.8333,82.9444,70.4545,90.5385,76.0312,27.2381,24.6731,3.9677,11.2,-25.4,34750
2014-06-05, USD_JPY,hold,102.68,102.42,102.74,102.34,102.52,-0.02,0.53,0.69,0.43,0.51,0.44,-0.00,0.01,0.01,0.00,0.01,0.00,89,44,467,201,262,273,167,211,278,215,534,326,0.01,0.01,0.01,0.01,102.48,-0.04,-27000,11871,24838,32070,2089,15.80,7.61,8.19,149.85,101.25,102.48,102.54,102.62,102.74,102.34,102.80,102.34,153.91,102.58,62.8750,168.2000,148.2500,66.0556,66.3636,70.7692,71.0625,17.7381,27.9615,11.8871,-25.4,5.2,46162
2014-06-06, USD_JPY,buy,102.43,102.48,102.61,102.11,102.39,-0.09,0.03,0.59,0.76,0.49,0.57,-0.00,0.00,0.01,0.01,0.00,0.01,64,37,98,58,506,223,214,258,180,225,305,233,0.00,0.01,0.01,0.01,102.42,-0.18,18842,-27000,11871,24838,32070,15.76,7.59,8.17,111.51,101.23,102.57,102.41,102.55,102.61,102.11,102.74,102.11,153.67,102.45,5.5000,25.4000,119.4167,64.7778,51.1364,45.4615,63.0000,18.0238,25.0962,-13.9032,5.2,12.0,40962
2014-06-08, USD_JPY,sell,102.51,102.63,102.65,102.49,102.60,-0.05,0.06,0.19,0.91,0.91,0.64,-0.00,0.00,0.00,0.01,0.01,0.01,54,77,113,80,123,97,322,419,254,299,217,264,0.01,0.01,0.01,0.01,102.60,-0.28,1867,18842,-27000,11871,24838,15.77,7.59,8.17,129.34,101.25,102.67,102.57,102.45,102.65,102.45,102.65,102.11,153.89,102.47,-36.7500,11.8000,27.3333,94.2222,46.0909,49.4231,64.3750,25.1667,30.4038,12.4194,12.0,-13.9,2375
2014-06-09, USD_JPY,sell,102.63,102.49,102.64,102.38,102.51,0.07,-0.19,-0.08,0.76,0.76,0.77,0.00,-0.00,-0.00,0.01,0.01,0.01,37,37,15,42,68,40,282,299,284,360,217,261,0.01,0.01,0.00,0.01,102.50,0.09,-3619,1867,18842,-27000,11871,15.79,7.60,8.19,99.44,101.28,102.74,102.54,102.57,102.64,102.38,102.65,102.38,153.83,102.54,-23.1250,-30.4000,9.0000,88.5556,55.9091,45.7308,51.7187,46.2143,27.6538,13.5000,-13.9,-18.4,22308
2014-06-10, USD_JPY,sell,102.49,102.31,102.51,102.22,102.34,-0.17,-0.11,-0.37,0.42,0.58,0.58,-0.00,-0.00,-0.00,0.00,0.01,0.01,39,-33,-7,-27,-34,-1,388,157,230,230,235,285,0.00,0.00,0.00,0.00,102.34,0.20,-10948,-3619,1867,18842,-27000,15.77,7.59,8.18,61.38,101.31,102.78,102.38,102.56,102.56,102.22,102.64,102.22,153.61,102.44,-26.6250,-46.2000,-48.4167,67.7778,64.0455,27.9615,30.2812,44.0952,10.8269,11.3226,-18.4,-30.5,30529
2014-06-11, USD_JPY,sell,102.31,102.00,102.39,101.86,102.08,-0.63,-0.47,-0.42,-0.44,0.12,0.28,-0.01,-0.00,-0.00,-0.00,0.00,0.00,-305,-173,-21,-156,-84,-137,22,-60,175,38,144,114,0.00,0.00,0.00,0.00,102.07,0.24,-14472,-10948,-3619,1867,18842,15.74,7.58,8.16,8.88,101.38,102.76,102.14,102.40,102.40,101.86,102.51,101.86,153.32,102.24,-63.8750,-43.7000,-57.1667,-10.1667,49.6818,28.0385,24.1875,37.8095,1.1346,12.3871,-30.5,-28.7,31638
2014-06-12, USD_JPY,buy,102.00,101.72,102.16,101.60,101.90,-0.78,-0.92,-0.76,-0.85,-0.73,-0.17,-0.01,-0.01,-0.01,-0.01,-0.01,-0.00,-250,-150,-487,-303,-79,-272,-174,-176,-23,-132,-26,-74,-0.00,-0.00,-0.00,-0.00,101.80,0.26,-21058,-14472,-10948,-3619,1867,15.69,7.56,8.14,-48.64,101.44,102.75,101.87,102.16,102.16,101.60,102.39,101.60,152.97,102.01,-119.8750,-96.9000,-74.5833,-47.2778,24.4545,27.9615,7.1875,26.6905,-2.6538,6.6129,-28.7,31.1,34684
2014-06-13, USD_JPY,sell,101.72,102.03,102.14,101.72,101.96,-0.28,-0.46,-0.61,-0.65,-0.54,-0.42,-0.00,-0.00,-0.01,-0.01,-0.01,-0.00,-65,13,-133,-55,-291,-163,-113,-69,-76,-89,26,-54,0.00,0.00,0.00,0.00,101.98,-0.03,15183,-21058,-14472,-10948,-3619,15.65,7.53,8.11,-30.87,101.52,102.73,101.90,101.86,102.14,101.72,102.16,101.60,153.00,101.91,-91.1250,-100.6000,-84.6667,-72.7778,-31.2727,22.6154,-0.0625,24.8571,0.7885,9.1129,31.1,-7.2,33001
2014-06-15, USD_JPY,sell,102.05,101.97,102.08,101.94,102.00,-0.03,-0.33,-0.52,-0.45,-0.70,-0.59,-0.00,-0.00,-0.01,-0.00,-0.01,-0.01,21,49,-83,1,-153,-71,-91,-148,-127,-82,-93,-104,0.00,0.00,0.00,0.00,101.99,0.12,-1026,15183,-21058,-14472,-10948,15.70,7.56,8.14,-27.23,101.54,102.72,102.01,101.87,102.08,101.87,102.14,101.72,153.06,101.97,-77.3750,-84.3000,-93.3333,-72.5000,-46.0000,14.5000,3.4375,12.7381,15.7885,5.1290,-7.2,-8.9,1809
2014-06-16, USD_JPY,buy,101.97,101.88,101.98,101.72,101.85,0.17,-0.12,-0.42,-0.59,-0.54,-0.79,0.00,-0.00,-0.00,-0.01,-0.01,-0.01,49,15,4,31,-114,-19,-45,-204,-114,-180,-152,-104,-0.01,-0.00,0.00,0.00,101.87,0.42,6935,-1026,15183,-21058,-14472,15.69,7.55,8.13,-60.29,101.53,102.73,101.89,102.01,102.01,101.72,102.08,101.72,152.84,101.93,-47.0000,-83.4000,-88.1667,-70.6111,-74.5000,-39.1154,10.9687,-2.1190,15.2692,-7.9839,-8.9,29.6,25396
2014-06-17, USD_JPY,sell,101.88,102.18,102.24,101.87,102.08,0.15,0.47,0.18,-0.45,-0.30,-0.24,0.00,0.00,0.00,-0.00,-0.00,-0.00,109,152,102,126,60,90,-194,-94,13,-85,-39,-73,-0.00,-0.00,0.00,0.00,102.12,0.10,18188,6935,-1026,15183,-21058,15.67,7.55,8.13,-5.63,101.55,102.73,102.04,101.93,102.24,101.87,102.24,101.72,153.18,101.95,25.3750,15.6000,-25.1667,-45.1667,-44.9091,-26.7308,24.7187,11.2381,24.7308,-3.9194,29.6,-26.9,27375
2014-06-18, USD_JPY,hold,102.18,101.91,102.39,101.88,102.13,-0.06,-0.11,0.20,-0.58,-0.72,-0.56,-0.00,-0.00,0.00,-0.01,-0.01,-0.01,-21,21,46,33,54,26,-176,-90,-363,-214,-39,-193,-0.01,-0.01,-0.01,0.00,102.02,-0.02,-32030,18188,6935,-1026,15183,15.72,7.57,8.15,-16.29,101.55,102.73,102.09,102.03,102.39,101.88,102.39,101.87,153.33,102.10,76.3750,49.7000,37.5000,-28.2778,-20.2273,-31.2692,30.8750,16.1905,30.2115,5.0323,-26.9,0.4,36483
2014-06-19, USD_JPY,buy,101.91,101.92,102.00,101.74,101.87,0.03,-0.06,-0.11,-0.39,-0.57,-0.71,0.00,-0.00,-0.00,-0.00,-0.01,-0.01,77,32,-17,24,47,35,-102,-11,-173,-88,-359,-212,-0.00,-0.01,-0.01,-0.01,101.90,-0.43,9321,-32030,18188,6935,-1026,15.68,7.55,8.13,-58.00,101.54,102.73,101.89,102.05,102.05,101.74,102.39,101.74,152.87,102.00,6.2500,-16.5000,-23.2500,-56.0000,-58.8636,-56.5385,-30.2187,-6.6905,14.7115,-3.8387,0.4,15.6,26061
2014-06-20, USD_JPY,hold,101.92,102.08,102.20,101.82,102.02,-0.10,0.19,0.10,0.07,-0.23,-0.41,-0.00,0.00,0.00,0.00,-0.00,-0.00,55,74,139,77,94,96,40,69,-47,25,-114,-40,-0.00,-0.00,-0.01,-0.00,102.04,-0.59,7474,9321,-32030,18188,6935,15.68,7.55,8.13,-26.84,101.59,102.72,102.00,101.92,102.20,101.82,102.20,101.74,153.10,101.94,-11.7500,43.8000,18.5833,-22.0000,-40.7727,-32.0385,-24.6562,7.9286,14.5769,16.8387,15.6,-1.9,20137
2014-06-22, USD_JPY,sell,102.11,102.09,102.14,102.05,102.09,0.18,-0.09,0.20,0.37,0.08,-0.22,0.00,-0.00,0.00,0.00,0.00,-0.00,40,82,58,77,144,81,86,92,43,72,-43,28,-0.01,-0.00,-0.00,-0.01,102.09,-0.23,-99,7474,9321,-32030,18188,15.70,7.56,8.14,-17.89,101.64,102.70,102.10,102.00,102.14,102.00,102.20,101.82,153.16,102.05,-62.6250,-20.7000,27.0833,-2.8333,-33.3182,-39.2308,-41.0625,16.0952,4.5385,18.0484,-1.9,-20.0,1144
2014-06-23, USD_JPY,hold,102.09,101.89,102.14,101.82,101.91,-0.03,-0.03,-0.29,-0.14,0.17,-0.12,-0.00,-0.00,-0.00,-0.00,0.00,-0.00,55,-33,0,25,4,20,40,21,50,16,5,31,-0.01,-0.01,-0.01,-0.01,101.93,-0.04,-12143,-99,7474,9321,-32030,15.71,7.56,8.14,-63.36,101.66,102.70,101.98,102.10,102.14,101.82,102.14,101.82,153.05,102.04,33.7500,-50.6000,-17.6667,-0.5000,-23.3636,-39.0385,-37.5000,13.7857,5.0000,17.3226,-20.0,3.9,21309
2014-06-24, USD_JPY,sell,101.88,101.92,102.17,101.82,101.97,-0.15,0.00,0.01,-0.05,-0.10,0.21,-0.00,0.00,0.00,-0.00,-0.00,0.00,27,-24,69,-12,8,35,-14,26,48,37,56,30,-0.00,-0.01,-0.01,-0.01,101.96,-0.18,-9539,-12143,-99,7474,9321,15.67,7.55,8.13,-60.01,101.67,102.70,101.95,101.99,102.17,101.82,102.17,101.82,153.08,101.99,-7.0000,33.2000,-37.0000,9.2778,0.2727,-26.0000,-27.7813,12.9524,4.5385,18.1774,3.9,-9.9,23612
2014-06-25, USD_JPY,sell,101.92,101.82,101.95,101.62,101.82,-0.27,-0.25,-0.10,-0.06,-0.15,-0.20,-0.00,-0.00,-0.00,-0.00,-0.00,-0.00,-244,-80,1,-80,31,-70,39,5,-85,-19,25,-6,-0.00,-0.00,-0.01,-0.01,101.81,-0.05,5438,-9539,-12143,-99,7474,15.68,7.55,8.13,-99.26,101.64,102.66,101.83,101.90,101.95,101.62,102.17,101.62,152.77,101.89,-46.5000,-48.5000,-8.0833,-2.6111,-17.0909,-33.8846,-43.5000,-25.3333,-7.2692,10.7742,-9.9,-17.9,26158
2014-06-26, USD_JPY,sell,101.82,101.64,101.83,101.49,101.68,-0.24,-0.44,-0.43,-0.54,-0.24,-0.33,-0.00,-0.00,-0.00,-0.01,-0.00,-0.00,-54,-32,-437,-180,-45,-179,-60,-48,-30,-45,-211,-100,-0.00,-0.00,-0.01,-0.01,101.65,0.36,-2408,5438,-9539,-12143,-99,15.67,7.54,8.12,-132.56,101.61,102.60,101.70,101.87,101.87,101.49,101.95,101.49,152.58,101.72,-75.8750,-61.2000,-60.4167,-45.5000,-22.8182,-25.5000,-50.6875,-36.0476,-7.5385,0.5323,-17.9,-20.2,25972
2014-06-27, USD_JPY,hold,101.65,101.44,101.65,101.32,101.42,-0.48,-0.44,-0.65,-0.47,-0.74,-0.44,-0.00,-0.00,-0.01,-0.00,-0.01,-0.00,-107,-58,-117,-93,-657,-294,-86,-100,-114,-105,-109,-103,-0.01,-0.00,-0.01,-0.01,101.46,0.28,-5709,-2408,5438,-9539,-12143,15.64,7.53,8.11,-178.34,101.57,102.51,101.51,101.73,101.73,101.32,101.83,101.32,152.31,101.57,-129.7500,-97.6000,-81.7500,-82.3333,-29.8182,-37.8846,-53.5625,-54.6429,-5.8654,-12.0161,-20.2,2.8,24066
2014-06-29, USD_JPY,sell,101.41,101.44,101.48,101.39,101.44,-0.38,-0.48,-0.45,-0.48,-0.47,-0.74,-0.00,-0.00,-0.00,-0.00,-0.00,-0.01,-56,-11,-108,-59,-119,-94,-116,-292,-87,-101,-115,-106,-0.01,-0.01,-0.00,-0.01,101.43,0.25,281,-5709,-2408,5438,-9539,15.61,7.51,8.09,-172.20,101.52,102.46,101.43,101.54,101.54,101.39,101.65,101.32,152.17,101.46,-119.3750,-138.4000,-110.1667,-58.4444,-69.7273,-46.8077,-57.3750,-60.0476,-14.2885,-17.1290,2.8,-12.4,1542
2014-06-30, USD_JPY,buy,101.44,101.31,101.47,101.24,101.34,-0.33,-0.51,-0.61,-0.76,-0.60,-0.60,-0.00,-0.01,-0.01,-0.01,-0.01,-0.01,-50,-43,-94,-48,-144,-96,-133,-363,-164,-365,-111,-136,-0.01,-0.01,-0.01,-0.00,101.33,0.20,-7340,281,-5709,-2408,5438,15.61,7.51,8.09,-175.79,101.46,102.41,101.36,101.43,101.47,101.24,101.48,101.24,152.08,101.39,-92.1250,-97.7000,-117.1667,-81.2222,-84.0909,-39.3846,-43.7500,-54.6429,-16.5769,-18.8710,-12.4,24.0,21925
