2009-01-01, EUR_USD,sell,1.39809,1.40000,1.40565,1.39631,1.40052,-0.00354,-0.01050,-0.00299,0.00638,0.00422,0.00236,-0.00,-0.01,-0.00,0.00,0.00,0.00,18,24,-40,-5,13,-2,80,66,44,67,132,85,-0.02,-0.03,-0.00,0.02,1.40049,-0.00236,-425,-10156,24978,-39998,1370,0.21497,0.10350,0.11146,31.65,1.33693,1.44001,1.40001,1.40569,1.40569,1.39631,1.41460,1.38505,2.10381,1.40040,-7.6762,-1.1500,-1.0500,0.3950,0.7150,-5.1065,2.0578,5.0260,4.6450,3.5477,19.1,-81.7,2030
2009-01-02, EUR_USD,buy,1.40028,1.39211,1.40273,1.38397,1.39072,-0.02199,-0.01143,-0.01839,-0.00835,-0.00151,-0.00367,-0.02,-0.01,-0.01,-0.01,-0.00,-0.00,-27,-16,1,-1,-137,-54,-16,-61,6,-45,8,0,0.00,-0.03,-0.03,-0.01,1.39273,-0.00647,-8907,-425,-10156,24978,-39998,0.21538,0.10370,0.11168,2.27,1.35474,1.43127,1.39477,1.39905,1.40273,1.38397,1.40565,1.38397,2.09472,1.39717,-4.8637,-6.7250,-1.4450,0.0844,-0.8864,-2.1692,-0.7700,4.5574,4.7198,4.2123,-81.7,40.4,67227
2009-01-04, EUR_USD,sell,1.39181,1.39585,1.39611,1.38780,1.39298,-0.00144,-0.01825,-0.00769,-0.00555,-0.00461,0.00223,-0.00,-0.01,-0.01,-0.00,-0.00,0.00,36,31,-12,6,9,11,-45,-51,27,-11,41,7,-0.00,0.00,-0.02,-0.03,1.39390,0.00126,4108,-8907,-425,-10156,24978,0.21417,0.10312,0.11105,-10.35,1.36612,1.42619,1.39289,1.39620,1.39620,1.38780,1.40273,1.38397,2.09001,1.39265,-4.6225,-5.2150,-6.7075,-0.7322,-0.5441,-0.1288,-2.9819,2.6410,4.7781,4.0548,40.4,-321.3,4383
2009-01-05, EUR_USD,sell,1.39585,1.36372,1.39630,1.35461,1.36725,-0.03628,-0.03357,-0.05038,-0.03927,-0.03768,-0.03674,-0.03,-0.02,-0.04,-0.03,-0.03,-0.03,-348,-248,-72,-176,-148,-189,-247,-265,-729,-488,-351,-442,-0.02,-0.02,-0.02,-0.05,1.36959,0.00223,-75739,4108,-8907,-425,-10156,0.21475,0.10340,0.11135,-130.24,1.37066,1.42435,1.37762,1.39383,1.39630,1.35461,1.39630,1.35461,2.07360,1.38370,-2.3375,-3.6600,-4.3142,-1.7389,-0.5155,-1.2446,-4.7334,2.6083,4.7183,3.8592,-321.3,-130.2,134582
2009-01-06, EUR_USD,buy,1.36361,1.35059,1.36376,1.33119,1.34662,-0.04152,-0.04941,-0.04670,-0.05991,-0.05240,-0.05081,-0.03,-0.04,-0.03,-0.04,-0.04,-0.04,-178,-211,-489,-371,-116,-261,-649,-315,-341,-361,-1008,-666,-0.03,-0.03,-0.03,-0.03,1.34903,0.02852,17199,-75739,4108,-8907,-425,0.20980,0.10102,0.10879,-255.17,1.37164,1.42400,1.35229,1.37979,1.37979,1.33119,1.39630,1.33119,2.02935,1.36146,-9.7425,-8.3780,-8.4733,-5.2933,-3.5400,-2.9488,-4.1981,0.8581,2.5798,2.8887,-130.2,108.9,89917
2009-01-07, EUR_USD,buy,1.35049,1.36138,1.37472,1.34321,1.36005,-0.03447,-0.03073,-0.03862,-0.04216,-0.04912,-0.04161,-0.02,-0.02,-0.03,-0.03,-0.03,-0.03,-317,-69,-120,-140,-373,-270,-67,-102,-516,-247,-263,-282,-0.03,-0.02,-0.02,-0.03,1.36018,0.00606,13707,17199,-75739,4108,-8907,0.20778,0.10004,0.10774,-194.68,1.37039,1.42445,1.35745,1.35710,1.37472,1.34321,1.37472,1.33119,2.04633,1.35322,-5.3462,-5.6010,-5.1542,-6.8478,-3.3841,-2.0958,-1.4413,0.0952,2.8700,2.8982,108.9,85.2,89348
2009-01-08, EUR_USD,sell,1.36136,1.36987,1.38001,1.35345,1.36410,0.00615,-0.02598,-0.02224,-0.04422,-0.03367,-0.04062,0.00,-0.02,-0.02,-0.03,-0.02,-0.03,36,80,-215,-20,-75,-84,-122,-152,-48,-74,-412,-194,-0.02,-0.02,-0.02,-0.02,1.36830,-0.02348,20282,13707,17199,-75739,4108,0.20944,0.10084,0.10860,-130.45,1.36628,1.42489,1.36617,1.35594,1.38001,1.35345,1.38001,1.34321,2.05674,1.36285,-4.0713,-3.2190,-3.7858,-4.6856,-2.8532,-1.7450,-2.0291,-1.6683,2.8073,3.2258,85.2,-222.4,85678
2009-01-09, EUR_USD,sell,1.36982,1.34758,1.37521,1.34152,1.35831,-0.00301,-0.01614,-0.04827,-0.04971,-0.06652,-0.05596,-0.00,-0.01,-0.03,-0.04,-0.05,-0.04,50,14,-16,15,-483,-150,-126,-280,-217,-288,-98,-147,-0.04,-0.04,-0.04,-0.03,1.35297,-0.00408,-54080,20282,13707,17199,-75739,0.21075,0.10147,0.10928,-156.92,1.35863,1.42327,1.35853,1.36562,1.37521,1.34152,1.38001,1.34152,2.04597,1.36255,2.8625,-4.2180,-3.4833,-4.3767,-5.5586,-2.8262,-1.6803,-3.2671,1.3292,3.3332,-222.4,-58.0,84500
2009-01-11, EUR_USD,sell,1.34755,1.34175,1.34870,1.34065,1.34380,-0.01963,-0.00884,-0.02197,-0.05825,-0.05554,-0.07235,-0.01,-0.01,-0.02,-0.04,-0.04,-0.05,-4,-15,32,-5,-30,-1,-584,-454,-146,-318,-242,-324,-0.05,-0.04,-0.04,-0.04,1.34321,0.00716,-2385,-54080,20282,13707,17199,0.20732,0.09982,0.10750,-162.48,1.34967,1.42348,1.34466,1.35870,1.35870,1.34065,1.37521,1.34065,2.01903,1.35152,-6.5062,-3.0120,-7.9333,-6.3278,-6.6805,-4.8231,-3.3294,-5.8731,0.2760,2.4218,-58.0,-58.7,3282
2009-01-12, EUR_USD,sell,1.34170,1.33583,1.34458,1.32895,1.33923,-0.03404,-0.02555,-0.01476,-0.05628,-0.06417,-0.06146,-0.02,-0.02,-0.01,-0.04,-0.05,-0.04,-66,-47,-23,-35,14,-25,-256,-309,-647,-509,-166,-356,-0.05,-0.05,-0.05,-0.05,1.33630,0.00798,-8956,-2385,-54080,20282,13707,0.20642,0.09939,0.10703,-152.97,1.34063,1.42697,1.33776,1.34465,1.34465,1.32895,1.34870,1.32895,2.00906,1.34072,-8.8587,-6.0290,-3.1967,-6.4611,-6.3655,-7.0596,-3.6325,-4.1119,-0.0446,1.5450,-58.7,-158.2,74861
2009-01-13, EUR_USD,buy,1.33585,1.32003,1.33595,1.31406,1.32446,-0.02755,-0.04984,-0.04135,-0.07582,-0.07208,-0.07997,-0.02,-0.04,-0.03,-0.05,-0.05,-0.06,-63,-125,-125,-148,-73,-87,-815,-310,-340,-413,-816,-657,-0.07,-0.06,-0.06,-0.06,1.32252,0.01285,-48278,-8956,-2385,-54080,20282,0.20551,0.09895,0.10656,-158.60,1.33020,1.42964,1.32647,1.33876,1.33876,1.31406,1.34458,1.31406,1.99298,1.33088,-9.8150,-8.8130,-6.4625,-6.6844,-6.3364,-6.6335,-4.7500,-2.9445,-1.4144,1.1563,-158.2,13.5,106214
2009-01-14, EUR_USD,sell,1.32003,1.32139,1.33370,1.30937,1.32013,-0.02036,-0.02619,-0.04849,-0.04234,-0.07447,-0.07072,-0.02,-0.02,-0.04,-0.03,-0.05,-0.05,-239,-84,-59,-115,-120,-139,-79,-59,-799,-302,-333,-404,-0.05,-0.07,-0.06,-0.06,1.32146,-0.00859,-1069,-48278,-8956,-2385,-54080,0.20308,0.09778,0.10530,-138.98,1.32147,1.43093,1.32112,1.32794,1.33370,1.30937,1.33595,1.30937,1.98838,1.32327,-3.7500,-8.3020,-7.7192,-6.9556,-6.2755,-6.2231,-4.8563,-3.7514,-3.1288,0.8605,13.5,-53.3,88250
2009-01-15, EUR_USD,buy,1.32139,1.31605,1.32422,1.30261,1.31224,-0.01978,-0.02570,-0.03153,-0.03453,-0.04767,-0.07980,-0.01,-0.02,-0.02,-0.03,-0.03,-0.06,-82,-15,-305,-126,-75,-154,-46,-91,-92,-75,-863,-334,-0.06,-0.06,-0.07,-0.06,1.31473,-0.00112,34070,-1069,-48278,-8956,-2385,0.20329,0.09788,0.10541,-135.52,1.31332,1.43133,1.31607,1.32071,1.32422,1.30261,1.33370,1.30261,1.97552,1.31747,-5.0912,-4.8970,-8.4992,-4.3939,-6.5359,-6.2642,-7.0087,-3.7086,-4.6002,-0.5302,-53.3,106.2,139380
2009-01-16, EUR_USD,buy,1.31605,1.32667,1.33446,1.31452,1.32504,0.00664,-0.00916,-0.01508,-0.03471,-0.02392,-0.03705,0.01,-0.01,-0.01,-0.03,-0.02,-0.03,57,80,-14,38,-173,-43,-52,-65,-13,-55,-66,-44,-0.05,-0.05,-0.05,-0.06,1.32558,0.00565,18597,34070,-1069,-48278,-8956,0.20247,0.09749,0.10498,-98.61,1.30837,1.42890,1.32293,1.31872,1.33446,1.31452,1.33446,1.30261,1.99172,1.31895,-0.3725,-2.0240,-2.3733,-4.4739,-5.6218,-5.2515,-5.4828,-3.2148,-5.2913,-0.2279,106.2,86.9,84978
2009-01-18, EUR_USD,sell,1.32719,1.33588,1.33865,1.32719,1.33526,0.01449,0.01585,0.00005,-0.03399,-0.02550,-0.01471,0.01,0.01,0.00,-0.02,-0.02,-0.01,108,123,99,120,44,84,-66,-47,-23,-35,14,-24,-0.04,-0.04,-0.05,-0.04,1.33440,-0.01056,2075,18597,34070,-1069,-48278,0.20410,0.09827,0.10583,-71.65,1.30575,1.42497,1.33223,1.32136,1.33865,1.32136,1.33865,1.31452,2.00224,1.32870,1.2375,0.5400,-0.9883,-4.5961,-2.2827,-4.4200,-4.7469,-3.0500,-3.5492,-0.2287,86.9,-266.4,4018
2009-01-19, EUR_USD,sell,1.33588,1.30924,1.33817,1.30581,1.32299,-0.00682,-0.01215,-0.01079,-0.03834,-0.06063,-0.05214,-0.01,-0.01,-0.01,-0.03,-0.04,-0.04,30,-50,0,1,-22,2,-95,-204,-166,-217,-107,-123,-0.04,-0.06,-0.06,-0.06,1.31562,0.00066,-58912,2075,18597,34070,-1069,0.20552,0.09895,0.10657,-97.78,1.30033,1.42101,1.32228,1.33153,1.33817,1.30581,1.33865,1.30581,1.99108,1.32746,3.4887,0.8940,0.3700,-4.1156,-3.3232,-4.4715,-4.2175,-3.5133,-2.2929,-1.1147,-266.4,-207.8,74735
2009-01-20, EUR_USD,buy,1.30925,1.28847,1.31029,1.28438,1.29494,-0.03820,-0.02758,-0.03292,-0.05328,-0.05911,-0.08140,-0.03,-0.02,-0.02,-0.04,-0.04,-0.06,-130,-174,-65,-177,-85,-93,-648,-341,-157,-354,-244,-350,-0.05,-0.06,-0.08,-0.07,1.29290,0.00751,-68625,-58912,2075,18597,34070,0.20142,0.09698,0.10444,-135.81,1.29322,1.41592,1.29810,1.32256,1.32256,1.28438,1.33817,1.28438,1.95248,1.30966,-6.0425,-2.7850,-3.9017,-4.2678,-6.3386,-4.1131,-5.7775,-4.8148,-3.9304,-3.3794,-207.8,116.2,100239
2009-01-21, EUR_USD,buy,1.28847,1.30009,1.30870,1.28243,1.29300,-0.03579,-0.02658,-0.01597,-0.03574,-0.04166,-0.04749,-0.03,-0.02,-0.01,-0.03,-0.03,-0.04,-236,-64,-72,-108,-11,-106,-184,-95,-503,-250,-122,-270,-0.05,-0.04,-0.05,-0.07,1.29783,-0.00611,35961,-68625,-58912,2075,18597,0.19823,0.09544,0.10278,-119.24,1.28932,1.40947,1.29492,1.29886,1.30870,1.28243,1.31029,1.28243,1.94992,1.29645,-7.4875,-5.1520,-2.5858,-3.9867,-6.0464,-5.0788,-5.4631,-6.0788,-3.5921,-4.3587,116.2,5.2,104427
2009-01-22, EUR_USD,sell,1.30001,1.30053,1.30836,1.29087,1.29958,-0.00871,-0.03535,-0.02614,-0.01950,-0.03530,-0.04122,-0.01,-0.03,-0.02,-0.01,-0.03,-0.03,-16,38,-232,-62,-70,-106,-61,-35,-181,-93,-498,-247,-0.05,-0.04,-0.04,-0.05,1.30007,-0.01837,11351,35961,-68625,-58912,2075,0.20001,0.09630,0.10371,-104.91,1.28673,1.40071,1.29994,1.29428,1.30836,1.29087,1.30870,1.28243,1.95379,1.29759,-7.4537,-6.0590,-4.3508,-3.0661,-3.6677,-5.5123,-5.4966,-5.4205,-3.6006,-5.2800,5.2,-16.9,107898
2009-01-23, EUR_USD,sell,1.30048,1.29879,1.30354,1.27665,1.28751,0.01032,-0.01045,-0.03709,-0.02260,-0.02124,-0.03704,0.01,-0.01,-0.03,-0.02,-0.02,-0.03,55,54,-21,32,-247,-71,-43,-46,-69,-43,-192,-102,-0.04,-0.05,-0.05,-0.04,1.29444,0.01397,57076,11351,35961,-68625,-58912,0.20008,0.09634,0.10375,-111.67,1.28404,1.39354,1.29487,1.30027,1.30354,1.27665,1.30836,1.27665,1.94187,1.29486,-1.6863,-6.9250,-5.8508,-3.3506,-3.7305,-5.5127,-3.7634,-5.2883,-3.8137,-4.1092,-16.9,-73.8,88308
2009-01-25, EUR_USD,buy,1.29718,1.28980,1.29949,1.28791,1.29101,-0.01029,0.00133,-0.01944,-0.02625,-0.03158,-0.03023,-0.01,0.00,-0.01,-0.02,-0.02,-0.02,28,23,20,14,-49,0,-59,-169,-80,-87,-110,-83,-0.04,-0.04,-0.06,-0.05,1.29175,0.03528,-2677,57076,11351,35961,-68625,0.19981,0.09621,0.10361,-106.02,1.28093,1.38563,1.29360,1.29963,1.29963,1.28791,1.30354,1.27665,1.94345,1.29190,-2.3025,-2.1600,-6.4467,-2.7472,-3.3145,-3.7854,-4.7022,-5.0552,-4.3254,-3.1708,-73.8,286.8,3975
2009-01-26, EUR_USD,buy,1.28983,1.31851,1.32374,1.28635,1.30328,0.01798,0.01842,0.03004,-0.00816,0.00245,-0.00288,0.01,0.01,0.02,-0.01,0.00,-0.00,158,192,137,150,131,142,20,-5,73,5,37,43,-0.01,-0.02,-0.02,-0.04,1.31177,0.00792,70467,-2677,57076,11351,35961,0.19843,0.09554,0.10289,-56.46,1.28239,1.37681,1.30461,1.29349,1.32374,1.28635,1.32374,1.28635,1.96691,1.29937,3.8450,3.0070,2.2408,-1.1917,-0.9059,-1.6035,-3.5175,-3.7617,-3.3717,-2.8627,286.8,30.5,97849
2009-01-27, EUR_USD,sell,1.31855,1.32160,1.33297,1.31185,1.32061,0.02281,0.02107,0.02151,-0.01428,-0.00507,0.00555,0.02,0.02,0.02,-0.01,-0.00,0.00,167,184,175,211,149,163,-48,47,35,11,87,24,0.00,-0.01,-0.02,-0.02,1.32201,-0.01660,-7200,70467,-2677,57076,11351,0.20285,0.09767,0.10518,-13.64,1.28583,1.36594,1.32124,1.30417,1.33297,1.30417,1.33297,1.28635,1.98889,1.31373,7.3563,4.9230,4.0450,-0.6311,0.7959,-0.2292,-2.6400,-3.0067,-3.9763,-2.2298,30.5,-62.8,93877
2009-01-28, EUR_USD,sell,1.32169,1.31541,1.33305,1.31029,1.32379,0.02561,0.01662,0.01488,0.00617,-0.02047,-0.01126,0.02,0.01,0.01,0.00,-0.02,-0.01,237,110,144,153,140,173,29,91,-102,15,4,-22,-0.00,-0.00,-0.02,-0.02,1.31854,-0.00625,-47572,-7200,70467,-2677,57076,0.20332,0.09790,0.10543,-15.42,1.28712,1.35983,1.32011,1.32008,1.33305,1.31029,1.33305,1.31029,1.98820,1.32204,8.3900,5.9010,4.1158,-0.5689,-0.1282,-0.0500,-0.9781,-3.0119,-3.4283,-2.2232,-62.8,-214.1,86429
2009-01-29, EUR_USD,sell,1.31536,1.29395,1.31795,1.29163,1.30659,-0.02455,0.00415,-0.00484,0.00548,-0.01529,-0.04193,-0.02,0.00,-0.00,0.00,-0.01,-0.03,20,-45,52,-4,64,45,36,32,-36,14,-290,-96,-0.02,-0.02,-0.02,-0.03,1.29937,0.00744,-87854,-47572,-7200,70467,-2677,0.20237,0.09744,0.10493,-77.10,1.28540,1.35588,1.30472,1.31855,1.31855,1.29163,1.33305,1.29163,1.96376,1.31323,-1.4463,3.6920,2.4008,0.8511,-1.8818,-0.4819,-1.6644,-2.1814,-3.7173,-2.7339,-214.1,-126.2,106702
2009-01-30, EUR_USD,sell,1.29389,1.28127,1.29422,1.27633,1.28507,-0.04033,-0.03723,-0.00853,-0.01882,-0.00720,-0.02797,-0.03,-0.03,-0.01,-0.01,-0.01,-0.02,-144,-103,-13,-95,-57,-71,-4,-14,-12,-23,-75,-30,-0.03,-0.03,-0.03,-0.03,1.28327,0.00727,-42489,-87854,-47572,-7200,70467,0.19907,0.09585,0.10322,-129.97,1.28209,1.35119,1.28643,1.30466,1.30466,1.27633,1.31795,1.27633,1.93239,1.29503,-9.6875,-5.9030,-0.8783,-1.6089,-3.9955,-3.0954,-2.6081,-3.8336,-4.2858,-3.7977,-126.2,-59.5,94899
2009-02-01, EUR_USD,buy,1.28105,1.27510,1.28107,1.27391,1.27623,-0.04031,-0.04650,-0.04340,-0.02543,-0.02499,-0.01337,-0.03,-0.04,-0.03,-0.02,-0.02,-0.01,-154,-74,-174,-130,-30,-119,-90,-68,-27,-41,-35,-51,-0.05,-0.04,-0.03,-0.04,1.27630,0.00613,-1747,-42489,-87854,-47572,-7200,0.19712,0.09491,0.10221,-143.18,1.27793,1.34586,1.27778,1.28758,1.28758,1.27391,1.29422,1.27391,1.91803,1.28138,-12.9950,-10.3800,-7.1108,-3.0317,-2.6564,-4.4292,-3.2894,-4.7117,-4.6792,-4.2042,-59.5,62.5,2617
2009-02-02, EUR_USD,buy,1.27515,1.28140,1.28992,1.27041,1.27789,-0.01255,-0.03401,-0.04020,-0.01739,-0.01913,-0.01869,-0.01,-0.03,-0.03,-0.01,-0.01,-0.01,-38,31,-126,-45,-144,-103,17,-17,-54,-30,-3,-13,-0.02,-0.04,-0.03,-0.03,1.28078,-0.00733,10275,-1747,-42489,-87854,-47572,0.19617,0.09445,0.10172,-116.32,1.27501,1.34217,1.27922,1.27808,1.28992,1.27041,1.28992,1.27041,1.92512,1.27883,-7.0075,-8.6260,-7.1750,-1.5139,-1.7073,-3.7115,-2.1434,-4.0614,-4.0842,-4.7237,62.5,198.0,81019
2009-02-03, EUR_USD,sell,1.28140,1.30120,1.30577,1.28018,1.29092,0.01993,0.00725,-0.01421,0.01140,0.00242,0.00067,0.02,0.01,-0.01,0.01,0.00,0.00,139,226,36,185,-39,45,114,34,91,81,59,88,0.01,-0.01,-0.03,-0.02,1.29709,-0.01308,57706,10275,-1747,-42489,-87854,0.19714,0.09492,0.10222,-48.41,1.27556,1.33756,1.29214,1.27828,1.30577,1.27828,1.30577,1.27041,1.94586,1.28657,2.8862,-2.4370,-4.5475,0.6972,-0.2355,-0.3481,-1.7934,-2.0445,-3.4821,-3.7555,198.0,-157.7,89671
2009-02-04, EUR_USD,sell,1.30122,1.28545,1.30698,1.28114,1.29002,0.01035,0.00418,-0.00850,-0.03306,-0.00435,-0.01334,0.01,0.00,-0.01,-0.03,-0.00,-0.01,161,86,50,96,-23,62,-2,-78,-21,-49,32,3,-0.01,-0.00,-0.02,-0.04,1.28976,0.00071,-70886,57706,10275,-1747,-42489,0.20019,0.09639,0.10380,-61.84,1.27436,1.33372,1.29370,1.29130,1.30698,1.28114,1.30698,1.28018,1.94755,1.29352,6.4775,2.5520,-1.8283,-1.8617,0.3123,-0.1323,-1.9794,-1.7905,-2.1838,-3.4716,-157.7,-64.7,106320
2009-02-05, EUR_USD,buy,1.28546,1.27899,1.29056,1.27604,1.28300,-0.00241,0.00389,-0.00228,-0.04261,-0.03951,-0.01081,-0.00,0.00,-0.00,-0.03,-0.03,-0.01,43,10,70,36,14,43,-155,-113,-19,-104,-77,-84,-0.02,-0.02,-0.01,-0.02,1.28114,0.00822,-55595,-70886,57706,10275,-1747,0.19776,0.09522,0.10254,-96.52,1.27222,1.33176,1.28276,1.29333,1.29333,1.27604,1.30698,1.27604,1.92858,1.28868,0.1600,1.8980,-0.6100,-4.7122,-0.8118,-1.3688,-2.9756,-2.1614,-3.2371,-3.7126,-64.7,149.9,93649
2009-02-06, EUR_USD,buy,1.27902,1.29401,1.29934,1.27481,1.28432,-0.00719,0.01261,0.01891,-0.02140,-0.02759,-0.02449,-0.01,0.01,0.01,-0.02,-0.02,-0.02,54,75,120,74,280,151,-71,12,-84,-48,20,-45,-0.00,-0.01,-0.00,0.00,1.29054,-0.00238,49718,-55595,-70886,57706,10275,0.19677,0.09474,0.10203,-57.00,1.27270,1.32854,1.28679,1.28222,1.29934,1.27481,1.29934,1.27481,1.93674,1.28519,-1.6075,1.8830,3.0442,-3.7461,-2.2182,-0.3238,-0.6847,-1.6364,-3.1031,-3.3353,149.9,18.5,87867
2009-02-08, EUR_USD,buy,1.29425,1.29610,1.29880,1.29414,1.29626,0.01065,-0.00510,0.01470,0.00215,-0.01931,-0.02550,0.01,-0.00,0.01,0.00,-0.01,-0.02,57,94,62,86,131,83,16,145,-62,21,-74,-39,0.00,-0.00,-0.00,-0.00,1.29629,-0.00856,-440,49718,-55595,-70886,57706,0.19908,0.09585,0.10323,-19.39,1.27312,1.32613,1.29582,1.28652,1.29880,1.28652,1.29934,1.27481,1.94587,1.29177,-2.0450,-1.3930,1.4800,-2.1278,-3.1064,-0.0531,-0.6188,-1.2102,-2.9388,-3.1390,18.5,2.7,2773
2009-02-09, EUR_USD,sell,1.29605,1.29632,1.30939,1.28737,1.29818,0.01733,0.01087,-0.00488,0.01505,0.00237,-0.01909,0.01,0.01,-0.00,0.01,0.00,-0.01,139,91,58,95,63,87,111,185,17,147,-61,22,-0.02,0.01,-0.00,-0.00,1.29735,-0.01631,-10233,-440,49718,-55595,-70886,0.19940,0.09601,0.10339,-5.99,1.27445,1.32177,1.29729,1.29517,1.30939,1.28737,1.30939,1.28737,1.95308,1.29743,4.7087,0.4830,0.6050,1.6861,-2.1505,-1.1031,0.0650,-1.1936,-1.5117,-2.8034,2.7,-53.1,54562
2009-02-10, EUR_USD,sell,1.29637,1.29106,1.30754,1.28095,1.29253,-0.00296,0.01206,0.00561,0.01595,0.00978,-0.00290,-0.00,0.01,0.00,0.01,0.01,-0.00,66,5,103,34,38,69,239,129,82,142,-2,106,-0.02,-0.02,0.00,-0.01,1.29265,-0.00297,-25544,-10233,-440,49718,-55595,0.19943,0.09602,0.10341,-25.48,1.27603,1.31569,1.29398,1.29619,1.30754,1.28095,1.30939,1.28095,1.94801,1.29631,2.0512,3.3960,0.0933,2.9411,-0.9464,-1.9562,0.2497,-1.4814,-1.4246,-1.8135,-53.1,-43.8,106461
2009-02-11, EUR_USD,buy,1.29106,1.28668,1.29970,1.28340,1.29145,-0.00942,-0.00733,0.00769,0.00528,0.01158,0.00541,-0.01,-0.01,0.01,0.00,0.01,0.00,-160,-47,48,-38,73,-12,83,43,178,95,57,106,-0.02,-0.03,-0.02,-0.00,1.28912,0.01584,-58919,-25544,-10233,-440,49718,0.19862,0.09563,0.10299,-43.78,1.27555,1.31392,1.29021,1.29371,1.29970,1.28340,1.30754,1.28095,1.94140,1.29290,0.2262,0.0740,1.5242,1.0872,0.4986,-2.5650,0.0134,-1.8317,-1.3940,-2.4200,-43.8,17.5,98664
2009-02-12, EUR_USD,sell,1.28668,1.28843,1.29440,1.27215,1.28385,-0.00789,-0.00767,-0.00558,-0.01277,0.00703,0.01333,-0.01,-0.01,-0.00,-0.01,0.01,0.01,4,21,-122,-29,55,-20,32,48,92,50,202,109,-0.00,-0.02,-0.03,-0.02,1.28585,-0.00554,44707,-58919,-25544,-10233,-440,0.19795,0.09531,0.10264,-76.29,1.27555,1.31392,1.28541,1.28887,1.29440,1.27215,1.29970,1.27215,1.93047,1.28741,-3.7487,-0.8800,-0.8225,-1.2628,1.2118,-1.8115,-1.8334,-0.7567,-1.5115,-2.7618,17.5,-22.1,96366
2009-02-13, EUR_USD,sell,1.28843,1.28623,1.29426,1.28216,1.28882,-0.00483,-0.01009,-0.00987,0.00078,-0.01497,0.00483,-0.00,-0.01,-0.01,0.00,-0.01,0.00,19,33,-5,10,-169,-51,19,45,23,37,81,41,0.00,-0.01,-0.02,-0.03,1.28722,0.00282,-27566,44707,-58919,-25544,-10233,0.19822,0.09544,0.10278,-51.78,1.27482,1.31327,1.28777,1.28756,1.29426,1.28216,1.29440,1.27215,1.93535,1.28574,-3.3187,-3.0260,-0.7558,-1.4128,0.3950,0.0035,-2.4191,-0.6874,-1.1519,-2.6111,-22.1,-63.3,84021
2009-02-15, EUR_USD,buy,1.28548,1.27915,1.28831,1.27510,1.27933,-0.00753,-0.01191,-0.01717,0.00016,-0.00630,-0.02205,-0.01,-0.01,-0.01,0.00,-0.00,-0.02,-26,-6,-6,0,-37,-23,21,-94,-7,10,-4,3,0.00,-0.00,-0.01,-0.03,1.28043,0.01813,-1398,-27566,44707,-58919,-25544,0.19788,0.09528,0.10261,-94.44,1.27314,1.31280,1.28201,1.28733,1.28831,1.27510,1.29426,1.27510,1.92586,1.28496,-2.8487,-3.8460,-3.5142,-0.2500,-1.5868,0.5569,-2.7963,-0.9545,-1.7750,-1.9481,-63.3,6.0,3616
2009-02-16, EUR_USD,sell,1.27915,1.27975,1.28246,1.27268,1.27739,-0.00868,-0.00693,-0.01130,-0.01426,0.00076,-0.00570,-0.01,-0.01,-0.01,-0.01,0.00,-0.00,34,16,-22,-2,-4,2,20,-107,25,-87,-5,13,-0.00,0.00,-0.00,-0.01,1.27866,-0.00451,24024,-1398,-27566,44707,-58919,0.19679,0.09475,0.10204,-101.63,1.27183,1.31221,1.27851,1.28232,1.28246,1.27268,1.28831,1.27268,1.91880,1.27964,-2.9838,-3.4480,-4.1792,-1.8744,-2.2286,-0.5735,-2.2178,-1.0038,-2.1610,-2.0037,6.0,-212.5,53821
2009-02-17, EUR_USD,sell,1.27975,1.25850,1.27996,1.25595,1.26232,-0.02772,-0.02993,-0.02818,-0.03760,-0.03551,-0.02049,-0.02,-0.02,-0.02,-0.03,-0.03,-0.02,-195,-155,-61,-127,-152,-136,-764,-326,-66,-320,-120,-317,-0.03,-0.02,-0.01,-0.02,1.26323,-0.00600,-80395,24024,-1398,-27566,44707,0.19689,0.09480,0.10209,-167.76,1.26765,1.31327,1.26854,1.27945,1.27996,1.25595,1.28246,1.25595,1.90793,1.27276,-3.5775,-2.8890,-3.2917,-2.0939,-0.9641,-1.9854,-0.8916,-0.9302,-2.2390,-1.8063,-212.5,-18.5,102187
2009-02-18, EUR_USD,buy,1.25850,1.25665,1.26409,1.25134,1.25739,-0.02250,-0.02958,-0.03178,-0.03967,-0.03945,-0.03736,-0.02,-0.02,-0.02,-0.03,-0.03,-0.03,-139,-100,-210,-171,-69,-140,-139,-131,-804,-345,-73,-339,-0.02,-0.03,-0.02,-0.01,1.25718,0.00787,-14670,-80395,24024,-1398,-27566,0.19362,0.09322,0.10039,-190.23,1.26500,1.30973,1.25765,1.26913,1.26913,1.25134,1.27996,1.25134,1.88976,1.26283,-6.0562,-6.0360,-5.0525,-5.0344,-3.2045,-3.2996,-1.0616,-2.8405,-1.7771,-2.2456,-18.5,90.5,88404
2009-02-19, EUR_USD,buy,1.25665,1.26571,1.27605,1.25565,1.26605,-0.01405,-0.01344,-0.02052,-0.02535,-0.03062,-0.03039,-0.01,-0.01,-0.02,-0.02,-0.02,-0.02,-71,27,-71,-33,-136,-92,-57,-64,-98,-88,-610,-255,-0.01,-0.02,-0.03,-0.01,1.26578,-0.00503,-1336,-14670,-80395,24024,-1398,0.19333,0.09309,0.10025,-129.37,1.26365,1.30549,1.26352,1.25758,1.27605,1.25565,1.27605,1.25134,1.90388,1.26178,-1.6037,-2.4520,-3.0358,-3.4989,-2.0682,-1.1162,-0.8669,-2.7105,-1.2558,-1.5537,90.5,169.3,92374
2009-02-20, EUR_USD,sell,1.26571,1.28264,1.28839,1.25577,1.26698,0.02414,0.00289,0.00349,-0.00404,-0.00842,-0.01368,0.02,0.00,0.00,-0.00,-0.01,-0.01,111,163,101,152,57,90,-4,15,6,16,-21,-6,-0.01,0.00,-0.00,-0.01,1.27736,-0.01610,59067,-1336,-14670,-80395,24024,0.19472,0.09376,0.10097,-58.97,1.26490,1.30096,1.27313,1.26118,1.28839,1.25577,1.28839,1.25565,1.91628,1.26897,2.1100,1.1860,0.0142,-1.2567,-1.9091,-0.8415,-1.0856,-2.1264,-0.7677,-1.4860,169.3,-31.2,91258
2009-02-22, EUR_USD,sell,1.28225,1.27913,1.28259,1.27631,1.27977,0.02248,0.02062,-0.00063,-0.00931,-0.00755,-0.01193,0.02,0.02,-0.00,-0.01,-0.01,-0.01,218,134,96,143,65,126,31,12,-26,-6,-6,0,-0.01,-0.01,0.00,-0.00,1.27929,0.01761,-235,59067,-1336,-14670,-80395,0.19733,0.09501,0.10232,-25.39,1.26494,1.29944,1.28007,1.27417,1.28259,1.27417,1.28839,1.25577,1.92074,1.27577,4.6262,0.5270,0.0208,-1.3122,-2.2682,-1.2469,-1.5244,-1.6838,-0.8060,-1.8084,-31.2,-119.9,2310
2009-02-23, EUR_USD,buy,1.27912,1.26713,1.29920,1.26650,1.28151,0.00142,0.01048,0.00862,-0.01910,-0.02131,-0.01955,0.00,0.01,0.01,-0.01,-0.02,-0.02,56,-18,123,71,46,75,-124,-80,-22,-69,-99,-82,-0.02,-0.02,-0.02,-0.01,1.27499,0.02399,-89535,-235,59067,-1336,-14670,0.19679,0.09475,0.10204,-35.95,1.26282,1.30014,1.27799,1.28069,1.29920,1.26650,1.29920,1.26650,1.93245,1.28115,5.7875,7.0230,3.2075,0.5483,-0.0459,-0.7842,0.5400,0.2371,-0.0112,-1.2571,-119.9,199.9,93095
2009-02-24, EUR_USD,sell,1.26713,1.28712,1.28785,1.26625,1.27695,0.00448,0.02141,0.03046,0.00797,0.00089,-0.00132,0.00,0.02,0.02,0.01,0.00,-0.00,96,110,154,140,280,177,90,122,40,93,67,66,-0.00,-0.01,-0.01,-0.01,1.28209,-0.01146,93787,-89535,-235,59067,-1336,0.19494,0.09386,0.10108,-15.98,1.26362,1.30055,1.27709,1.27312,1.28785,1.26625,1.29920,1.26625,1.92098,1.27995,-0.1350,2.3610,3.9617,-0.0506,-0.5950,-1.5142,-0.7175,0.3231,-1.3800,-0.7237,199.9,-154.5,100635
2009-02-25, EUR_USD,sell,1.28715,1.27170,1.28995,1.26902,1.27845,-0.00743,-0.01094,0.00600,-0.00805,-0.00745,-0.01453,-0.01,-0.01,0.00,-0.01,-0.01,-0.01,-73,-10,48,-2,78,18,-9,71,-25,10,-86,-40,-0.01,-0.01,-0.02,-0.02,1.27560,-0.00663,-67869,93787,-89535,-235,59067,0.19802,0.09534,0.10268,-41.56,1.26207,1.30113,1.27946,1.27712,1.28995,1.26902,1.28995,1.26625,1.92446,1.27827,1.8413,0.3120,2.3175,0.8322,-0.3918,-0.7500,-0.5528,0.0017,-1.6544,-0.6047,-154.5,0.9,91336
2009-02-26, EUR_USD,sell,1.27175,1.27183,1.28114,1.26828,1.27533,0.00470,-0.00730,-0.01081,0.01333,-0.00792,-0.00732,0.00,-0.01,-0.01,0.01,-0.01,-0.01,16,18,-71,-9,49,-1,66,102,-8,72,-24,10,-0.01,-0.01,-0.01,-0.02,1.27327,-0.01267,-38171,-67869,93787,-89535,-235,0.19565,0.09420,0.10145,-60.20,1.26158,1.29868,1.27325,1.27943,1.28114,1.26828,1.28995,1.26828,1.91528,1.27710,-4.5137,-0.2890,-1.2083,0.1322,-0.6514,-1.0196,-1.7656,-1.1724,-1.9963,-0.8777,0.9,-48.9,85438
2009-02-27, EUR_USD,sell,1.27175,1.26686,1.27515,1.26028,1.26794,-0.02026,-0.00027,-0.01227,0.01021,0.00835,-0.01290,-0.02,-0.00,-0.01,0.01,0.01,-0.01,2,-6,1,-2,-150,-48,121,70,45,74,-59,35,-0.02,-0.02,-0.02,-0.02,1.26729,-0.01154,-10395,-38171,-67869,93787,-89535,0.19567,0.09421,0.10146,-101.01,1.25993,1.29847,1.26851,1.27179,1.27515,1.26028,1.28114,1.26028,1.90529,1.27121,-3.1750,-4.8090,-1.2392,1.2300,-0.6645,-1.4700,-2.0241,-1.5155,-1.6460,-0.9158,-48.9,0.0,90168
2009-02-28, EUR_USD,sell,1.26716,1.26716,1.26716,1.26716,1.26716,-0.00454,-0.01996,0.00003,0.00145,0.01051,0.00866,-0.00,-0.02,0.00,0.00,0.01,0.01,-8,9,4,-4,2,0,56,-18,124,71,46,75,-0.01,-0.01,-0.02,-0.02,1.26716,-0.00141,0,-10395,-38171,-67869,93787,0.19490,0.09384,0.10106,-91.90,1.25795,1.29927,1.26716,1.26930,1.26930,1.26716,1.27515,1.26028,1.90074,1.26744,-5.6987,-4.1390,-5.3400,-0.9878,-1.1632,-1.6269,-2.0341,-1.1143,-1.0408,-1.0429,0.0,-77.2,1
2009-03-01, EUR_USD,sell,1.26672,1.25900,1.26672,1.25855,1.26068,-0.01283,-0.01270,-0.02812,-0.02364,-0.00671,0.00235,-0.01,-0.01,-0.02,-0.02,-0.01,0.00,-72,-2720026,-47,-42,-33,-51,9,-96,16,-83,60,28,-0.02,-0.02,-0.02,-0.02,1.26082,-0.00754,-2062,0,-10395,-38171,-67869,0.19495,0.09386,0.10108,-120.96,1.25542,1.29829,1.26275,1.26716,1.26716,1.25855,1.26716,1.25855,1.89599,1.26490,-3.6063,-4.6470,-3.5225,-2.4083,0.2395,-1.2112,-1.7300,-1.5531,-0.5519,-1.8392,-77.2,-28.2,2318
2009-03-02, EUR_USD,sell,1.25909,1.25628,1.26321,1.25375,1.25886,-0.01058,-0.01556,-0.01543,-0.02285,-0.02636,-0.00943,-0.01,-0.01,-0.01,-0.02,-0.02,-0.01,-26,-3628351,-93,-3628373,-60,-60,-319,-132,1,-116,3,-104,-0.00,-0.02,-0.02,-0.02,1.25738,0.00297,-38857,-2062,0,-10395,-38171,0.19369,0.09326,0.10043,-131.55,1.25330,1.29644,1.25808,1.26286,1.26321,1.25375,1.26672,1.25375,1.89009,1.26056,-2.9850,-3.5860,-4.4567,-2.1528,-1.1668,-1.2877,-1.9406,-1.6945,-1.0271,-2.2502,-28.2,-33.2,83166
2009-03-03, EUR_USD,buy,1.25628,1.25296,1.26781,1.25221,1.26006,-0.01421,-0.01390,-0.01888,-0.01417,-0.02617,-0.02968,-0.01,-0.01,-0.01,-0.01,-0.02,-0.02,-14205000,-4735025,-49,-4735039,-119,-4735056,-41,-59,-371,-158,-8,-140,-0.00,-0.00,-0.02,-0.02,1.25648,0.00327,-80515,-38857,-2062,0,-10395,0.19327,0.09306,0.10022,-117.81,1.25152,1.29388,1.25731,1.25768,1.26781,1.25221,1.26781,1.25221,1.89391,1.25924,0.1613,-1.4700,-2.2233,-3.4883,-1.8718,0.2862,-1.2816,-1.9805,-1.4600,-2.1047,-33.2,104.3,89082
2009-03-04, EUR_USD,sell,1.25296,1.26339,1.26645,1.24562,1.25503,0.00439,-0.00377,-0.00347,-0.02373,-0.00374,-0.01574,0.00,-0.00,-0.00,-0.02,-0.00,-0.01,59,77,-3770000,-1256612,20,-1256639,-13,-26,-9,-16,-205,-76,-0.00,0.01,0.00,-0.01,1.25971,-0.00367,54948,-80515,-38857,-2062,0,0.19276,0.09281,0.09995,-99.56,1.25141,1.29122,1.25710,1.25462,1.26645,1.24562,1.26781,1.24562,1.88926,1.25802,-0.0687,-0.1430,-1.4517,-2.3789,-1.4677,-0.7388,-1.0012,-1.9569,-1.5590,-1.6615,104.3,-88.4,77773
2009-03-05, EUR_USD,buy,1.26339,1.25455,1.26402,1.24816,1.25593,-0.00172,-0.00445,-0.01261,-0.01715,-0.03256,-0.01258,-0.00,-0.00,-0.01,-0.01,-0.03,-0.01,8,22,-48,-8,-12605000,-4201680,-69,-71,-54,-76,-36,-53,-0.02,-0.01,-0.00,-0.00,1.25532,0.00451,-15516,54948,-80515,-38857,-2062,0.19437,0.09358,0.10078,-108.96,1.24999,1.28943,1.25753,1.25817,1.26402,1.24816,1.26645,1.24562,1.88810,1.25606,0.2012,-0.5400,-0.5233,-2.8817,-3.1982,-1.8750,-0.9959,-1.6993,-1.0208,-0.9742,-88.4,108.9,80315
2009-03-06, EUR_USD,buy,1.25455,1.26544,1.27544,1.25385,1.26580,0.01248,0.00916,0.00644,-0.00639,-0.00626,-0.02168,0.01,0.01,0.01,-0.01,-0.00,-0.02,84,96,123,101,84,97,-22,-573329,-17,-1,-3,-14,-0.01,-0.01,-0.00,0.01,1.26504,-0.00108,8433,-15516,54948,-80515,-38857,0.19301,0.09293,0.10008,-35.28,1.25074,1.28638,1.26232,1.25897,1.27544,1.25385,1.27544,1.24816,1.90237,1.26037,1.9100,2.4460,1.4542,-0.6333,-1.1282,-0.5496,0.7100,-0.9026,-0.9188,-0.1815,108.9,59.2,115238
2009-03-08, EUR_USD,sell,1.26568,1.27160,1.27165,1.26518,1.26930,0.00821,0.01865,0.01533,0.00474,-0.00023,-0.00010,0.01,0.01,0.01,0.00,-0.00,-0.00,124,118,124,132,188,145,76,1480078,25,1480033,12,38,0.00,-0.01,-0.01,0.00,1.27001,-0.01385,2259,8433,-15516,54948,-80515,0.19468,0.09374,0.10095,8.36,1.25177,1.28389,1.26853,1.26000,1.27165,1.26000,1.27544,1.25385,1.90424,1.26653,1.3012,0.7690,1.4058,-0.3894,-1.6641,-2.1192,-0.2750,-1.0769,-1.0442,-0.5894,59.2,-96.1,2295
2009-03-09, EUR_USD,buy,1.27161,1.26200,1.27270,1.25562,1.26221,0.00745,-0.00139,0.00905,-0.00516,-0.00486,-0.00983,0.01,-0.00,0.01,-0.00,-0.00,-0.01,87,25,78,67,62,76,-5155000,-1718290,11,-1718315,-48,-1718345,-0.02,-0.00,-0.01,-0.02,1.26308,0.00254,-15908,2259,8433,-15516,54948,0.19563,0.09419,0.10144,-40.12,1.25190,1.28204,1.26548,1.26864,1.27270,1.25562,1.27270,1.25562,1.90051,1.26629,2.1700,1.2510,0.8158,0.6156,-0.7677,-1.1658,-0.9809,-0.7433,-1.4113,-1.0666,-96.1,95.3,63136
2009-03-10, EUR_USD,buy,1.26200,1.27153,1.28226,1.26109,1.27094,0.00609,0.01697,0.00814,0.01253,0.00437,0.00467,0.00,0.01,0.01,0.01,0.00,0.00,81,91,147,109,124,117,158,156,4369999,1456782,75,1456744,-0.00,-0.01,0.00,-0.01,1.27160,-0.00434,-1134,-15908,2259,8433,-15516,0.19415,0.09348,0.10067,43.28,1.25234,1.28078,1.26922,1.26681,1.28226,1.26109,1.28226,1.25562,1.91280,1.26791,1.7025,3.6470,2.6350,1.7261,0.6455,-0.5923,-0.0209,-0.0100,-0.9725,-0.7976,95.3,90.9,85758
2009-03-11, EUR_USD,buy,1.27153,1.28062,1.28646,1.26172,1.27479,0.00902,0.01518,0.02607,0.02434,0.02162,0.01346,0.01,0.01,0.02,0.02,0.02,0.01,238,159,123,169,204,189,283,211,270,245,13459999,4486851,0.01,0.01,-0.01,0.01,1.27736,-0.01657,39965,-1134,-15908,2259,8433,0.19562,0.09419,0.10143,79.83,1.25269,1.28264,1.27508,1.26677,1.28646,1.26172,1.28646,1.26109,1.91732,1.27288,3.7025,2.2030,3.7400,2.5828,1.7545,0.4088,-0.7962,0.3098,-0.5094,-0.1323,90.9,92.0,75709
2009-03-12, EUR_USD,buy,1.28062,1.28981,1.29454,1.27326,1.28194,0.02781,0.01821,0.02438,0.03686,0.03354,0.03082,0.02,0.01,0.02,0.03,0.03,0.02,200,149,380,238,166,249,241,238,381,278,382,334,0.02,0.01,0.01,0.00,1.28686,-0.01057,49544,39965,-1134,-15908,2259,0.19702,0.09486,0.10216,149.89,1.25291,1.28574,1.28456,1.27607,1.29454,1.27326,1.29454,1.26172,1.93117,1.27900,5.4600,4.5780,3.1825,2.9706,2.5291,1.4912,0.4178,1.4502,0.0054,-0.1547,92.0,30.9,89139
2009-03-13, EUR_USD,sell,1.28985,1.29294,1.29575,1.28627,1.29044,0.02141,0.03094,0.02134,0.02955,0.03998,0.03666,0.02,0.02,0.02,0.02,0.03,0.03,150,123,218,165,429,265,227,230,261,256,414,300,0.02,0.02,0.02,0.02,1.29198,-0.00754,27015,49544,39965,-1134,-15908,0.19843,0.09554,0.10289,169.28,1.25227,1.28910,1.29120,1.28522,1.29575,1.28522,1.29575,1.27326,1.93889,1.28746,3.3750,4.6110,4.0175,3.2567,2.9582,2.1996,0.3625,0.9383,0.0573,-0.0982,30.9,-44.8,66522
2009-03-15, EUR_USD,buy,1.29304,1.28856,1.29304,1.28370,1.28750,0.00794,0.01703,0.02655,0.03400,0.02517,0.03560,0.01,0.01,0.02,0.03,0.02,0.03,108,68,129,103,192,143,254,258,206,207,233,231,0.02,0.02,0.02,0.01,1.28846,0.00204,129,27015,49544,39965,-1134,0.19891,0.09577,0.10314,128.24,1.25197,1.28999,1.28958,1.29139,1.29304,1.28370,1.29575,1.28370,1.93489,1.28969,1.6450,2.1570,3.3900,3.2244,2.2941,2.0246,0.7434,0.2212,0.1819,-0.5276,-44.8,90.0,3274
2009-03-16, EUR_USD,buy,1.28841,1.29741,1.30715,1.28705,1.29823,0.00760,0.01679,0.02588,0.03197,0.04286,0.03402,0.01,0.01,0.02,0.03,0.03,0.03,113,125,144,125,171,143,201,314,310,336,248,253,0.03,0.03,0.02,0.02,1.29725,-0.00488,2857,129,27015,49544,39965,0.19824,0.09545,0.10279,169.15,1.25088,1.29291,1.29500,1.29080,1.30715,1.28705,1.30715,1.28370,1.95067,1.29273,3.1512,4.1370,4.1483,3.5222,3.7000,3.3792,1.9994,1.1693,0.9492,-0.0127,90.0,58.6,91886
2009-03-17, EUR_USD,buy,1.29741,1.30327,1.30422,1.29314,1.29895,0.01033,0.01345,0.02265,0.03167,0.03783,0.04872,0.01,0.01,0.02,0.02,0.03,0.04,179,156,141,176,167,162,588,355,228,365,347,388,0.04,0.04,0.04,0.03,1.30097,-0.01361,70978,2857,129,27015,49544,0.19960,0.09610,0.10350,161.50,1.24894,1.29847,1.29951,1.29291,1.30422,1.29291,1.30715,1.28705,1.95079,1.29789,2.1150,1.9350,2.9592,3.6183,3.6541,2.8008,2.3159,0.2388,0.9331,0.1455,58.6,454.8,85593
2009-03-18, EUR_USD,buy,1.30327,1.34875,1.35355,1.29865,1.31792,0.06019,0.05581,0.05893,0.08675,0.07715,0.08331,0.05,0.04,0.05,0.07,0.06,0.07,696,501,659,554,354,570,545,436,1291,750,439,758,0.07,0.08,0.07,0.07,1.33743,-0.00867,64923,70978,2857,129,27015,0.20050,0.09654,0.10396,269.72,1.24401,1.30956,1.32605,1.30034,1.35355,1.29865,1.35355,1.29314,2.00287,1.31239,15.1275,11.5590,9.8350,8.9833,7.1005,6.7004,5.4269,3.1283,3.4410,1.9081,454.8,172.7,78682
2009-03-19, EUR_USD,sell,1.34875,1.36602,1.37390,1.34170,1.35965,0.06861,0.07746,0.07308,0.09449,0.10402,0.09442,0.05,0.06,0.06,0.07,0.08,0.07,392,391,881,644,841,705,495,451,646,521,1558,900,0.09,0.08,0.09,0.09,1.36191,-0.01268,71604,64923,70978,2857,129,0.20750,0.09991,0.10759,272.57,1.23825,1.32475,1.35759,1.32601,1.37390,1.32601,1.37390,1.29865,2.04475,1.34195,16.6887,16.1720,13.0242,10.1828,9.2955,8.4523,6.9178,3.9974,3.7635,2.5689,172.7,-79.2,140247
2009-03-20, EUR_USD,buy,1.36608,1.35816,1.37269,1.35170,1.36127,0.05489,0.06075,0.06960,0.07754,0.08663,0.09616,0.04,0.05,0.05,0.06,0.07,0.08,587,248,353,349,797,579,389,515,458,415,600,482,0.07,0.08,0.08,0.08,1.36018,0.00858,-30477,71604,64923,70978,2857,0.21016,0.10119,0.10897,209.90,1.23414,1.33749,1.36216,1.35738,1.37269,1.35170,1.37390,1.34170,2.04854,1.36000,17.1187,13.1090,13.2750,9.5811,9.0900,7.4804,6.5553,4.3593,3.2421,2.7219,-79.2,48.5,79204
2009-03-22, EUR_USD,sell,1.35792,1.36277,1.36757,1.35622,1.36347,0.01402,0.05950,0.06536,0.07296,0.08215,0.09124,0.01,0.05,0.05,0.06,0.06,0.07,116,78,628,270,376,374,420,691,408,545,480,436,0.07,0.08,0.09,0.08,1.36233,0.00654,845,-30477,71604,64923,70978,0.20895,0.10060,0.10834,172.64,1.23160,1.34962,1.36112,1.36212,1.36757,1.35622,1.37269,1.35170,2.04568,1.36205,3.5050,12.6710,10.0708,8.1144,7.7559,7.3785,6.3203,4.4007,3.2685,2.7453,48.5,-8.4,5484
2009-03-23, EUR_USD,sell,1.36273,1.36189,1.37359,1.34852,1.36078,-0.00413,0.01314,0.05862,0.06895,0.07207,0.08127,-0.00,0.01,0.04,0.05,0.06,0.06,62,53,115,75,620,266,797,669,416,683,404,539,0.08,0.07,0.08,0.09,1.36147,0.00344,5192,845,-30477,71604,64923,0.20966,0.10095,0.10871,141.10,1.22918,1.36152,1.36168,1.36035,1.37359,1.34852,1.37359,1.34852,2.04785,1.36148,-0.0775,4.0080,11.5625,8.6483,7.9209,7.7608,6.8481,5.0681,2.8612,3.0205,-8.4,-136.8,78170
2009-03-24, EUR_USD,buy,1.36189,1.34821,1.36793,1.34320,1.35585,-0.00995,-0.01781,-0.00054,0.05965,0.05527,0.05839,-0.01,-0.01,-0.00,0.05,0.04,0.05,-16,-29,20,-22,90,31,690,497,653,549,352,565,0.06,0.07,0.06,0.07,1.35188,0.01837,-62466,5192,845,-30477,71604,0.20952,0.10088,0.10864,106.33,1.22973,1.36989,1.35530,1.36231,1.36793,1.34320,1.37359,1.34320,2.03952,1.35831,-1.1912,-1.1950,2.3958,8.3206,6.6714,6.5900,5.7800,4.8193,3.0796,3.3497,-136.8,90.0,105017
2009-03-25, EUR_USD,sell,1.34820,1.35720,1.36514,1.34187,1.35174,-0.00557,-0.00096,-0.00882,0.05979,0.06864,0.06426,-0.00,-0.00,-0.01,0.05,0.05,0.05,8,33,26,23,48,27,349,344,786,571,748,628,0.06,0.07,0.08,0.07,1.35535,-0.00572,33089,-62466,5192,845,-30477,0.20742,0.09987,0.10755,94.38,1.23105,1.37866,1.35310,1.35505,1.36514,1.34187,1.36793,1.34187,2.03607,1.35453,-0.6075,-1.5100,-1.4600,6.4439,6.3077,6.0523,5.8431,4.8536,2.8917,2.8739,90.0,-42.5,104147
2009-03-26, EUR_USD,sell,1.35725,1.35301,1.36408,1.34943,1.35651,-0.00888,-0.00977,-0.00516,0.04974,0.05560,0.06445,-0.01,-0.01,-0.00,0.04,0.04,0.05,17,35,-28,9,6,-1,540,224,328,322,742,536,0.05,0.06,0.06,0.07,1.35488,0.00041,-51965,33089,-62466,5192,845,0.20880,0.10053,0.10827,83.81,1.23443,1.38529,1.35594,1.35270,1.36408,1.34943,1.36514,1.34187,2.03880,1.35513,-2.3763,-0.6970,-1.4342,6.6522,6.4586,5.3496,5.7116,4.5848,3.1900,2.4416,-42.5,-240.7,101575
2009-03-27, EUR_USD,sell,1.35302,1.32895,1.35918,1.32576,1.34032,-0.01926,-0.03294,-0.03382,-0.01980,0.02568,0.03154,-0.01,-0.02,-0.02,-0.01,0.02,0.02,-57,-84,-78,-63,-240,-125,55,-30,323,113,208,195,0.03,0.03,0.04,0.05,1.33571,0.01433,-66495,-51965,33089,-62466,5192,0.20815,0.10022,0.10793,46.39,1.23979,1.38648,1.34173,1.35513,1.35918,1.32576,1.36408,1.32576,2.02205,1.34961,-2.1875,-2.8830,-1.3992,0.6250,4.7300,4.8785,4.8075,4.4157,3.2315,2.4705,-240.7,-30.5,82188
2009-03-29, EUR_USD,sell,1.32975,1.32670,1.33001,1.32039,1.32566,-0.03050,-0.02151,-0.03519,-0.03932,-0.02205,0.02343,-0.02,-0.02,-0.03,-0.03,-0.02,0.02,-65,-72,-66,-95,-87,-72,-46,-141,51,-38,303,102,0.03,0.03,0.03,0.04,1.32595,0.00950,1654,-66495,-51965,33089,-62466,0.20445,0.09844,0.10601,19.08,1.24790,1.38559,1.32671,1.34098,1.34098,1.32039,1.35918,1.32039,1.99021,1.33383,-8.7825,-7.5830,-7.2633,-4.8767,2.3450,2.8438,2.7219,3.1424,2.4173,0.9939,-30.5,-78.1,5307
2009-03-30, EUR_USD,buy,1.32670,1.31889,1.32805,1.31131,1.31826,-0.03411,-0.03831,-0.02931,-0.03927,-0.04713,-0.02986,-0.03,-0.03,-0.02,-0.03,-0.03,-0.02,-208,-81,-98,-109,-98,-135,-156,-201,-70,-185,36,-63,0.02,0.02,0.02,0.02,1.31929,0.01389,-7599,1654,-66495,-51965,33089,0.20411,0.09827,0.10583,1.98,1.25591,1.38292,1.32124,1.32822,1.32822,1.31131,1.33001,1.31131,1.98371,1.32244,-9.0088,-7.4180,-6.6458,-4.9600,-2.3182,1.6081,2.0944,2.5050,2.3588,1.2966,-78.1,67.8,80514
2009-03-31, EUR_USD,sell,1.31893,1.32571,1.33427,1.31742,1.32730,-0.00324,-0.02730,-0.03149,-0.03706,-0.03245,-0.04031,-0.00,-0.02,-0.02,-0.03,-0.02,-0.03,0,47,-161,-35,-69,-77,-268,-143,-123,-161,-49,-147,0.02,0.02,0.03,0.03,1.32578,-0.00097,-1214,-7599,1654,-66495,-51965,0.20291,0.09770,0.10521,10.14,1.26331,1.38093,1.32408,1.32280,1.33427,1.31742,1.33427,1.31131,1.99297,1.32276,-6.2275,-5.9640,-5.1458,-3.7006,-3.6032,2.3115,2.4069,2.9817,2.7327,1.4294,67.8,-15.0,77199
2009-04-01, EUR_USD,buy,1.32571,1.32421,1.32864,1.31662,1.32223,-0.00249,-0.00474,-0.02880,-0.03768,-0.03856,-0.03395,-0.00,-0.00,-0.02,-0.03,-0.03,-0.03,39,52,-4,37,-172,-45,-97,-83,-282,-151,-131,-170,-0.02,0.02,0.02,0.03,1.32342,-0.00097,20274,-1214,-7599,1654,-66495,0.20396,0.09820,0.10575,-2.79,1.27326,1.37720,1.32379,1.32232,1.32864,1.31662,1.33427,1.31662,1.98694,1.32423,-0.3438,-6.1080,-5.9083,-4.9950,-4.0050,-1.9165,2.2247,2.6636,2.3396,1.5319,-15.0,229.6,77212
2009-04-02, EUR_USD,buy,1.32420,1.34715,1.35170,1.32408,1.33834,0.02826,0.02045,0.01820,-0.00106,-0.01474,-0.01562,0.02,0.02,0.01,-0.00,-0.01,-0.01,214,214,278,222,64,185,15,7,-5,11,-79,-23,-0.01,-0.00,0.03,0.04,1.34252,0.00304,56243,20274,-1214,-7599,1654,0.20372,0.09809,0.10563,36.26,1.28060,1.37742,1.33678,1.32496,1.35170,1.32408,1.35170,1.31662,2.01374,1.33026,5.9125,4.3380,-1.2458,-1.8028,-1.4427,-1.7077,2.7847,3.3069,3.2790,2.4692,229.6,12.8,83872
2009-04-03, EUR_USD,buy,1.34717,1.34845,1.34949,1.33652,1.34366,0.02274,0.02956,0.02175,-0.00875,0.00025,-0.01344,0.02,0.02,0.02,-0.01,0.00,-0.01,184,179,221,223,291,232,28,29,21,14,0,16,-0.01,-0.01,-0.00,0.03,1.34573,-0.00780,57739,56243,20274,-1214,-7599,0.20725,0.09979,0.10746,40.86,1.28689,1.37792,1.34541,1.33567,1.34949,1.33567,1.35170,1.32408,2.01775,1.34045,3.8062,4.2880,3.2467,-1.7389,-2.1909,-1.7846,2.8297,3.0014,3.2873,2.6558,12.8,43.1,68768
2009-04-05, EUR_USD,sell,1.34940,1.35371,1.35529,1.34874,1.35260,0.02950,0.02800,0.03482,0.00070,-0.00349,0.00550,0.02,0.02,0.03,0.00,-0.00,0.00,308,182,215,210,253,259,29,153,50,54,42,40,-0.01,-0.00,-0.01,0.00,1.35286,-0.00483,2845,57739,56243,20274,-1214,0.20745,0.09989,0.10757,58.77,1.29285,1.37835,1.35179,1.34781,1.35529,1.34781,1.35529,1.33652,2.02966,1.34751,6.6638,4.2050,4.5400,-0.9772,-1.1486,-0.9446,0.1088,2.8929,3.0710,2.8571,43.1,-213.0,5498
2009-04-06, EUR_USD,sell,1.35365,1.33235,1.35825,1.33215,1.34699,-0.01480,0.00814,0.00664,0.00340,-0.02066,-0.02485,-0.01,0.01,0.01,0.00,-0.02,-0.02,29,-84,130,42,88,83,19,89,-116,9,-40,-45,-0.02,-0.02,-0.02,-0.02,1.33878,-0.00138,-73869,2845,57739,56243,20274,0.20826,0.10027,0.10799,14.51,1.29915,1.37598,1.34410,1.35156,1.35825,1.33215,1.35825,1.33215,2.02433,1.34861,1.6375,5.9230,3.9975,-0.1028,-0.6264,-1.1800,-0.9781,2.9760,3.3308,3.0656,-213.0,-54.7,75020
2009-04-07, EUR_USD,sell,1.33235,1.32688,1.33975,1.32273,1.32946,-0.02157,-0.02027,0.00268,0.00018,-0.00206,-0.02612,-0.02,-0.02,0.00,0.00,-0.00,-0.02,-74,-142,10,-132,85,7,67,72,3,54,-153,-27,-0.02,-0.03,-0.03,-0.02,1.32906,0.00435,-38217,-73869,2845,57739,56243,0.20498,0.09869,0.10628,-38.88,1.30529,1.37368,1.33043,1.34300,1.34300,1.32273,1.35825,1.32273,2.00112,1.33822,-2.4338,-2.3890,1.8533,1.0828,-2.2118,-2.1669,-2.0584,2.2245,2.5790,2.3210,-54.7,-16.9,74660
2009-04-08, EUR_USD,sell,1.32687,1.32518,1.33085,1.31478,1.32242,-0.02853,-0.02327,-0.02197,0.00629,-0.00152,-0.00377,-0.02,-0.02,-0.02,0.00,-0.00,-0.00,-359,-124,-87,-157,3,-147,82,66,49,59,-1,43,-0.02,-0.02,-0.03,-0.03,1.32400,0.01456,24259,-38217,-73869,2845,57739,0.20414,0.09829,0.10585,-77.61,1.30973,1.37202,1.32442,1.32962,1.33085,1.31478,1.33975,1.31478,1.98823,1.32703,-6.1113,-3.7290,-3.4758,0.3106,-2.5755,-2.6381,-2.2953,1.1286,1.8688,2.0774,-16.9,-131.8,82310
2009-04-09, EUR_USD,buy,1.32525,1.31207,1.33359,1.30987,1.32449,-0.02028,-0.04164,-0.03638,-0.01364,-0.00682,-0.01463,-0.02,-0.03,-0.03,-0.01,-0.01,-0.01,-76,-52,-559,-233,-188,-275,-31,-37,4,-21,-86,-37,-0.03,-0.03,-0.03,-0.04,1.31690,0.01260,-59935,24259,-38217,-73869,2845,0.20387,0.09816,0.10571,-112.88,1.31114,1.37149,1.32019,1.32603,1.33359,1.30987,1.33359,1.30987,1.98852,1.32227,-6.1662,-4.3410,-2.6508,-0.0756,0.3250,-2.3462,-2.5003,1.3986,1.8125,2.2440,-131.8,63.8,73589
2009-04-10, EUR_USD,sell,1.31217,1.31855,1.31880,1.30925,1.31360,-0.00833,-0.01380,-0.03516,-0.00565,-0.00716,-0.00034,-0.01,-0.01,-0.03,-0.00,-0.01,-0.00,-24,11,-52,-17,-460,-179,16,-47,6,0,43,22,-0.01,-0.03,-0.03,-0.02,1.31629,-0.01284,21982,-59935,24259,-38217,-73869,0.20186,0.09719,0.10467,-115.14,1.30810,1.37151,1.31469,1.31866,1.31880,1.30925,1.33359,1.30925,1.97342,1.31788,-5.2387,-7.8900,-6.0817,-1.0928,-0.8409,-3.1058,-3.0703,-1.6548,0.9331,1.3985,63.8,-29.3,23197
2009-04-12, EUR_USD,buy,1.31833,1.31540,1.32030,1.31530,1.31752,-0.00978,-0.01148,-0.01695,-0.03175,-0.00881,-0.01031,-0.01,-0.01,-0.01,-0.02,-0.01,-0.01,3,30,-43,-5,-64,-34,-31,-234,-10,-68,-11,-17,-0.01,-0.01,-0.03,-0.03,1.31660,-0.00889,-4101,21982,-59935,24259,-38217,0.20285,0.09767,0.10518,-97.17,1.30625,1.36829,1.31733,1.31536,1.32030,1.31530,1.32030,1.30925,1.97795,1.31591,-2.6363,-3.8910,-6.3250,-3.4889,-1.2695,-0.7469,-2.8025,-2.5524,0.9440,1.5694,-29.3,222.4,4273
2009-04-13, EUR_USD,sell,1.31530,1.33754,1.33919,1.31261,1.32690,0.02548,0.01236,0.01066,-0.01091,-0.00961,0.01334,0.02,0.01,0.01,-0.01,-0.01,0.01,116,285,141,184,87,115,7,-47,48,-38,174,76,0.01,0.01,0.01,-0.01,1.33172,0.00450,42276,-4101,21982,-59935,24259,0.20237,0.09744,0.10493,-33.06,1.30749,1.36499,1.32616,1.31686,1.33919,1.31261,1.33919,1.31261,1.99549,1.32185,1.4012,1.6690,-0.0942,-1.1444,0.9595,0.8569,-1.5559,-1.5952,1.7750,2.1448,222.4,-107.0,48248
2009-04-14, EUR_USD,sell,1.33750,1.32680,1.33776,1.32266,1.32855,0.00825,0.01473,0.00162,-0.02691,-0.02165,-0.02035,0.01,0.01,0.00,-0.02,-0.02,-0.02,183,155,71,161,74,109,-335,-110,-74,-143,9,-133,0.00,0.01,0.00,-0.00,1.32850,0.01255,-33002,42276,-4101,21982,-59935,0.20578,0.09908,0.10670,-30.89,1.30812,1.36077,1.33118,1.32642,1.33776,1.32266,1.33919,1.31261,1.99908,1.32805,4.7388,0.8340,1.1517,-1.9483,-1.2677,0.2685,-1.3387,-1.4198,1.1773,1.7903,-107.0,-44.4,73070
2009-04-15, EUR_USD,sell,1.32674,1.32230,1.32974,1.31468,1.32214,0.00690,0.00375,0.01023,-0.01005,-0.03141,-0.02615,0.01,0.00,0.01,-0.01,-0.02,-0.02,139,58,136,104,52,109,-37,2,-403,-147,-109,-183,-0.00,-0.00,0.00,-0.00,1.32225,0.02182,993,-33002,42276,-4101,21982,0.20412,0.09828,0.10584,-61.62,1.30886,1.35607,1.32337,1.33215,1.33215,1.31468,1.33776,1.31468,1.98708,1.32621,2.3612,2.1890,-0.6400,-3.1672,-1.7950,0.0854,-0.0166,-2.0879,0.9819,1.3963,-44.4,-37.5,83214
2009-04-16, EUR_USD,sell,1.32234,1.31859,1.32688,1.31257,1.31913,-0.01895,0.00320,0.00004,-0.00829,-0.01375,-0.03512,-0.01,0.00,0.00,-0.01,-0.01,-0.03,22,7,65,20,97,62,-24,12,-51,-17,-460,-178,-0.02,-0.00,-0.01,-0.00,1.31916,0.01365,-12430,993,-33002,42276,-4101,0.20343,0.09795,0.10548,-73.73,1.30847,1.35349,1.32010,1.32452,1.32688,1.31257,1.32974,1.31257,1.98317,1.32097,-3.0763,1.3170,1.3475,-1.4300,-2.5823,-1.9088,-0.0728,-1.9543,-1.0256,1.0434,-37.5,-141.1,78565
2009-04-17, EUR_USD,sell,1.31858,1.30447,1.31935,1.30178,1.30717,-0.02233,-0.03307,-0.01093,-0.02071,-0.02241,-0.02788,-0.02,-0.02,-0.01,-0.02,-0.02,-0.02,-120,-81,-30,-72,-216,-122,-64,-45,-107,-64,-106,-92,-0.03,-0.03,-0.01,-0.02,1.30752,0.00871,-41890,-12430,993,-33002,42276,0.20286,0.09767,0.10519,-136.10,1.30780,1.34889,1.31105,1.32047,1.32047,1.30178,1.32688,1.30178,1.97025,1.31515,-4.6000,-3.9670,-0.1575,-1.2767,-3.5359,-2.3181,-0.9319,-2.1802,-2.0979,0.7613,-141.1,-37.1,60329
2009-04-19, EUR_USD,sell,1.30446,1.30075,1.30758,1.30063,1.30357,-0.02155,-0.02605,-0.03680,-0.01132,-0.02443,-0.02614,-0.02,-0.02,-0.03,-0.01,-0.02,-0.02,-92,-60,-145,-106,-44,-94,-38,-139,-87,-71,-129,-84,-0.04,-0.04,-0.03,-0.02,1.30243,0.00280,-3378,-41890,-12430,993,-33002,0.20069,0.09663,0.10406,-164.54,1.30634,1.34512,1.30335,1.31152,1.31152,1.30063,1.31935,1.30063,1.95789,1.30734,-5.5412,-6.0350,-5.2683,-2.8894,-2.9250,-3.6700,-1.3159,-2.6907,-2.5042,0.4690,-37.1,-103.1,3499
2009-04-20, EUR_USD,buy,1.30079,1.29048,1.30186,1.28881,1.29508,-0.02811,-0.03182,-0.03631,-0.02807,-0.02158,-0.03470,-0.02,-0.02,-0.03,-0.02,-0.02,-0.03,-154,-121,-160,-126,-213,-175,-196,-258,-81,-258,-151,-143,-0.03,-0.05,-0.04,-0.04,1.29291,0.00179,-49984,-3378,-41890,-12430,993,0.20012,0.09635,0.10376,-199.32,1.30125,1.34636,1.29549,1.30260,1.30260,1.28881,1.30758,1.28881,1.94626,1.29972,-6.2562,-5.5770,-5.9825,-1.8822,-2.6350,-4.3377,-3.1150,-2.7293,-2.5273,-0.1705,-103.1,32.5,67248
2009-04-21, EUR_USD,buy,1.29045,1.29370,1.29944,1.28965,1.29443,-0.01077,-0.02490,-0.02860,-0.02170,-0.02486,-0.01837,-0.01,-0.02,-0.02,-0.02,-0.02,-0.01,-46,-36,-131,-92,-139,-105,-432,-231,-162,-222,-68,-221,-0.03,-0.03,-0.04,-0.04,1.29412,-0.00649,-12145,-49984,-3378,-41890,-12430,0.19854,0.09559,0.10294,-165.04,1.29685,1.34746,1.29331,1.29564,1.29944,1.28965,1.30186,1.28881,1.94427,1.29494,-4.9775,-5.4880,-5.0500,-2.3172,-3.1036,-3.1008,-3.1278,-1.4555,-2.8517,-0.1539,32.5,71.7,69537
2009-04-22, EUR_USD,buy,1.29370,1.30087,1.30373,1.28854,1.29682,0.00012,-0.00360,-0.01772,-0.03668,-0.01453,-0.01768,0.00,-0.00,-0.01,-0.03,-0.01,-0.01,3,70,-5,30,-81,-27,-44,-93,-288,-159,-87,-140,-0.02,-0.02,-0.02,-0.04,1.29850,-0.01102,47131,-12145,-49984,-3378,-41890,0.19903,0.09583,0.10320,-125.91,1.29397,1.34855,1.29671,1.29207,1.30373,1.28854,1.30373,1.28854,1.94800,1.29534,-0.9637,-3.1260,-3.8600,-3.9406,-1.3705,-2.0862,-3.2228,-1.1583,-2.4692,-1.6073,71.7,117.6,75535
2009-04-23, EUR_USD,buy,1.30087,1.31263,1.31626,1.29800,1.30493,0.02215,0.01188,0.00816,-0.01417,-0.02492,-0.00277,0.02,0.01,0.01,-0.01,-0.02,-0.00,182,191,172,196,61,138,-66,-26,0,-26,-53,-39,0.00,-0.01,-0.01,-0.01,1.30988,-0.00649,37091,47131,-12145,-49984,-3378,0.20013,0.09636,0.10377,-59.98,1.29290,1.34831,1.30694,1.29728,1.31626,1.29728,1.31626,1.28854,1.96526,1.30163,3.6000,1.7360,-0.5158,-2.3883,-0.3673,-1.3327,-2.6244,-0.8574,-1.8800,-1.8594,117.6,115.8,61573
2009-04-24, EUR_USD,sell,1.31262,1.32420,1.33010,1.31133,1.32225,0.03051,0.03372,0.02345,0.00190,-0.00260,-0.01334,0.02,0.03,0.02,0.00,-0.00,-0.01,352,243,271,286,339,321,63,90,10,51,43,39,0.00,0.01,-0.00,-0.00,1.32246,-0.00953,24390,37091,47131,-12145,-49984,0.20194,0.09723,0.10471,6.51,1.29290,1.34831,1.31956,1.30675,1.33010,1.30675,1.33010,1.29800,1.98576,1.31392,7.6637,5.6480,3.7533,0.0394,-0.8264,0.8692,-0.6034,0.0698,-1.3071,-1.3739,115.8,-21.0,65683
2009-04-26, EUR_USD,sell,1.32402,1.32192,1.32562,1.32187,1.32301,0.02105,0.02822,0.03144,0.00333,-0.00038,-0.00488,0.02,0.02,0.02,0.00,-0.00,-0.00,219,135,329,226,253,267,65,162,48,75,-4,36,0.00,0.00,0.01,-0.00,1.32283,0.00469,-4959,24390,37091,47131,-12145,0.20372,0.09809,0.10563,18.89,1.29416,1.34452,1.32336,1.31841,1.32562,1.31841,1.33010,1.31133,1.98656,1.32223,5.4737,5.2350,3.9600,-0.1406,-1.1032,0.4092,-0.3266,-1.2419,-1.2906,-1.3532,-21.0,-194.1,5095
2009-04-27, EUR_USD,buy,1.32182,1.30241,1.32197,1.30001,1.31119,-0.01022,0.00154,0.00871,-0.00206,-0.01619,-0.01989,-0.01,0.00,0.01,-0.00,-0.01,-0.02,24,-180,91,22,130,81,3,44,-71,-13,-81,-49,-0.03,-0.01,-0.01,-0.01,1.30670,0.01299,-54667,-4959,24390,37091,47131,0.20337,0.09792,0.10545,-57.00,1.29292,1.34116,1.31155,1.32297,1.32297,1.30001,1.32562,1.30001,1.97197,1.31737,1.4275,3.6490,3.7542,0.2906,-0.7068,-1.3246,-0.7259,-1.3105,-0.3092,-1.6652,-194.1,109.4,69919
2009-04-28, EUR_USD,buy,1.30234,1.31328,1.31655,1.29649,1.30499,-0.01092,0.00065,0.01241,0.01253,0.00881,-0.00531,-0.01,0.00,0.01,0.01,0.01,-0.00,10,-52,83,-44,162,85,182,203,65,144,4,84,-0.01,-0.02,-0.00,-0.00,1.30990,-0.00629,49697,-54667,-4959,24390,37091,0.20037,0.09647,0.10390,-44.96,1.29412,1.33592,1.30717,1.31211,1.31655,1.29649,1.32197,1.29649,1.96479,1.30875,-3.3875,0.0580,2.1375,0.9967,-0.9395,-1.6312,-0.1406,-1.8448,-0.4423,-1.6573,109.4,133.7,73738
2009-04-29, EUR_USD,sell,1.31328,1.32665,1.33429,1.31205,1.32395,0.00473,0.00245,0.01402,0.03617,0.02590,0.02218,0.00,0.00,0.01,0.03,0.02,0.02,127,133,81,110,156,121,289,306,374,347,141,268,0.00,-0.00,-0.01,0.01,1.32491,-0.01633,26975,49697,-54667,-4959,24390,0.20204,0.09728,0.10476,65.85,1.29434,1.33512,1.32157,1.30781,1.33429,1.30781,1.33429,1.29649,1.99032,1.31485,2.1675,0.8380,3.0050,3.6033,1.3577,0.3496,0.8744,-1.1410,0.0010,-0.9952,133.7,-21.8,86239
2009-04-30, EUR_USD,buy,1.32665,1.32447,1.33857,1.31910,1.32793,0.02206,0.00255,0.00027,0.03077,0.03398,0.02372,0.02,0.00,0.00,0.02,0.03,0.02,111,102,69,106,70,83,355,245,273,288,343,323,0.00,0.00,-0.00,-0.01,1.32665,0.00477,-42884,26975,49697,-54667,-4959,0.20410,0.09827,0.10583,88.79,1.29444,1.33479,1.32720,1.31996,1.33857,1.31910,1.33857,1.31205,1.99812,1.32600,4.1488,2.5890,1.4108,4.3467,2.8168,0.8985,-0.0391,-0.0567,0.3819,-0.8232,-21.8,25.8,95595
2009-05-01, EUR_USD,buy,1.32447,1.32705,1.33278,1.32279,1.32685,0.01377,0.02464,0.00513,0.02618,0.03335,0.03656,0.01,0.02,0.00,0.02,0.03,0.03,152,86,123,114,138,137,253,165,381,264,293,309,0.02,0.01,0.00,0.00,1.32742,0.00090,-8160,-42884,26975,49697,-54667,0.20376,0.09811,0.10566,87.08,1.29437,1.33505,1.32677,1.32556,1.33278,1.32279,1.33857,1.31910,1.99418,1.32831,4.0575,2.1620,1.1933,3.2283,2.8109,1.0327,-0.3109,0.0921,-0.7277,-0.8515,25.8,11.1,55458
2009-05-03, EUR_USD,buy,1.32775,1.32886,1.32930,1.32590,1.32829,0.00222,0.01558,0.02646,0.01623,0.02799,0.03517,0.00,0.01,0.02,0.01,0.02,0.03,75,62,161,95,131,122,169,149,265,176,400,278,0.02,0.02,0.01,0.00,1.32823,-0.01543,1892,-8160,-42884,26975,49697,0.20416,0.09830,0.10586,83.82,1.29436,1.33673,1.32795,1.32576,1.32930,1.32576,1.33278,1.32279,1.99225,1.32769,-1.2475,2.5500,1.2217,1.4489,2.7141,1.6708,-0.0278,-0.2040,-0.7765,-0.0229,11.1,127.9,2544
2009-05-04, EUR_USD,sell,1.32882,1.34160,1.34387,1.32125,1.33240,0.01714,0.01496,0.02832,0.01740,0.02897,0.04073,0.01,0.01,0.02,0.01,0.02,0.03,115,255,132,145,224,157,161,292,238,308,349,249,0.04,0.03,0.03,0.02,1.33708,-0.00618,62378,1892,-8160,-42884,26975,0.20444,0.09843,0.10601,117.93,1.29344,1.33996,1.33388,1.32831,1.34387,1.32125,1.34387,1.32125,2.00449,1.33008,1.3250,1.9150,4.5525,1.5294,3.6491,3.2312,1.0613,1.1936,-0.4394,0.5102,127.9,-111.6,77956
2009-05-05, EUR_USD,sell,1.34160,1.33045,1.34359,1.32830,1.33652,0.00340,0.00598,0.00380,0.00853,0.00625,0.01782,0.00,0.00,0.00,0.01,0.00,0.01,76,83,58,89,82,72,228,178,101,156,177,169,0.03,0.03,0.02,0.02,1.33320,0.00694,-65571,62378,1892,-8160,-42884,0.20640,0.09938,0.10702,97.51,1.29325,1.34166,1.33598,1.33521,1.34359,1.32830,1.34387,1.32125,2.00774,1.33425,2.7012,1.0040,1.5492,1.9961,2.4841,3.3954,1.5144,1.1088,-0.5640,0.3006,-111.6,-3.5,91240
2009-05-06, EUR_USD,buy,1.33040,1.33005,1.33749,1.32460,1.33050,0.00118,0.00300,0.00558,0.02764,0.00813,0.00585,0.00,0.00,0.00,0.02,0.01,0.00,122,57,72,77,56,83,136,128,218,174,99,151,0.02,0.03,0.03,0.02,1.33055,0.01465,-15380,-65571,62378,1892,-8160,0.20468,0.09855,0.10613,77.30,1.29347,1.34068,1.33063,1.33603,1.33749,1.32460,1.34359,1.32460,1.99979,1.33349,2.0463,0.9410,-0.1800,1.7239,0.6714,2.5969,1.8691,-0.0812,-0.0873,0.2855,-3.5,86.0,99841
2009-05-07, EUR_USD,buy,1.33005,1.33865,1.34698,1.32519,1.33478,-0.00296,0.00978,0.01160,0.02537,0.03624,0.01673,-0.00,0.01,0.01,0.02,0.03,0.01,76,84,374,173,158,203,210,143,175,168,447,277,0.02,0.03,0.03,0.04,1.33737,-0.00288,26229,-15380,-65571,62378,1892,0.20462,0.09852,0.10610,108.04,1.29312,1.34222,1.33522,1.33022,1.34698,1.32519,1.34698,1.32460,2.00958,1.33357,0.7787,3.5360,2.3667,3.3811,1.9418,2.3631,2.8200,0.4393,0.6206,-0.1523,86.0,246.7,111497
2009-05-08, EUR_USD,sell,1.33866,1.36333,1.36508,1.33425,1.34553,0.03288,0.02172,0.03446,0.03668,0.05005,0.06092,0.02,0.02,0.03,0.03,0.04,0.05,229,234,186,238,1100,505,230,287,333,263,288,284,0.03,0.04,0.05,0.05,1.35650,-0.01008,79280,26229,-15380,-65571,62378,0.20595,0.09916,0.10679,177.06,1.29166,1.34778,1.35033,1.33435,1.36508,1.33425,1.36508,1.32519,2.03220,1.34288,5.3737,4.2430,5.9633,3.4211,3.9191,2.6908,4.1022,1.6826,1.2113,0.5029,246.7,-1.3,89434
2009-05-10, EUR_USD,sell,1.36346,1.36333,1.36673,1.36163,1.36308,0.03328,0.03288,0.02172,0.03886,0.03668,0.05005,0.03,0.02,0.02,0.03,0.03,0.04,300,189,229,234,186,238,227,577,230,287,333,263,0.03,0.03,0.04,0.05,1.36375,-0.00175,-2001,79280,26229,-15380,-65571,0.20974,0.10099,0.10876,189.20,1.29053,1.35338,1.36379,1.35099,1.36673,1.35099,1.36673,1.33425,2.04754,1.35692,7.3112,4.6290,3.8108,3.1294,4.5618,3.1623,3.9378,1.8974,1.8435,0.3690,-1.3,-47.3,6004
2009-05-11, EUR_USD,buy,1.36333,1.35860,1.36688,1.35574,1.36115,0.01995,0.02855,0.02815,0.03155,0.03413,0.03195,0.01,0.02,0.02,0.02,0.03,0.02,153,57,263,165,198,205,358,495,202,507,209,256,0.04,0.03,0.03,0.04,1.35996,0.00286,-42604,-2001,79280,26229,-15380,0.20974,0.10099,0.10876,153.39,1.29228,1.35705,1.36114,1.36339,1.36688,1.35574,1.36688,1.35574,2.04475,1.36275,4.9750,5.8790,3.8825,3.7889,2.9627,3.4546,3.1638,2.2631,1.7915,0.2784,-47.3,90.7,87449
2009-05-12, EUR_USD,sell,1.35860,1.36767,1.37080,1.35635,1.36348,0.00435,0.02903,0.03763,0.03881,0.04063,0.04321,0.00,0.02,0.03,0.03,0.03,0.03,108,111,194,140,334,212,1228,563,449,627,249,642,0.04,0.05,0.03,0.03,1.36563,-0.00027,49483,-42604,-2001,79280,26229,0.20902,0.10064,0.10838,153.12,1.29392,1.36210,1.36336,1.36096,1.37080,1.35635,1.37080,1.35574,2.04898,1.36244,1.4312,4.7650,5.5533,4.6117,2.9309,4.1735,2.5441,3.0107,1.2160,1.0016,90.7,-136.0,87283
2009-05-13, EUR_USD,buy,1.36767,1.35407,1.37223,1.35345,1.36482,-0.00926,-0.00926,0.01543,0.01247,0.02521,0.02703,-0.01,-0.01,0.01,0.01,0.02,0.02,-148,-59,64,-32,132,16,145,180,828,380,313,428,0.02,0.03,0.04,0.02,1.35846,-0.00251,-100416,49483,-42604,-2001,79280,0.21041,0.10131,0.10910,118.09,1.29740,1.36498,1.36186,1.36314,1.37223,1.35345,1.37223,1.35345,2.04895,1.36321,1.3738,1.4290,4.2075,3.1511,3.5859,2.9181,2.9128,3.3507,1.3258,1.3348,-136.0,90.7,107520
2009-05-14, EUR_USD,sell,1.35407,1.36314,1.36652,1.35259,1.35872,0.00454,-0.00019,-0.00019,0.03269,0.02154,0.03428,0.00,-0.00,-0.00,0.02,0.02,0.03,66,55,29,47,93,63,227,233,185,237,1095,502,0.03,0.03,0.04,0.05,1.36135,-0.00846,45183,-100416,49483,-42604,-2001,0.20832,0.10030,0.10802,108.00,1.30004,1.36928,1.35908,1.36088,1.36652,1.35259,1.37223,1.35259,2.04282,1.36120,-0.0900,-0.0420,0.2400,2.5483,3.3836,2.1504,2.7844,3.1940,1.4144,1.0624,90.7,-135.7,87661
2009-05-15, EUR_USD,sell,1.36311,1.34953,1.36511,1.34614,1.35656,-0.01814,-0.00907,-0.01380,0.01948,0.01908,0.00793,-0.01,-0.01,-0.01,0.01,0.01,0.01,-47,-30,-55,-41,-237,-113,193,118,138,148,125,152,0.02,0.02,0.02,0.03,1.35258,-0.00569,-52378,45183,-100416,49483,-42604,0.20971,0.10097,0.10874,69.94,1.30388,1.37031,1.35597,1.35861,1.36511,1.34614,1.36652,1.34614,2.03817,1.35759,-1.4250,-0.3550,-0.2708,3.0689,1.9309,2.4865,3.0347,2.9229,1.4700,1.4937,-135.7,-39.1,81524
2009-05-17, EUR_USD,buy,1.34925,1.34535,1.34955,1.34427,1.34640,-0.00873,-0.02233,-0.01326,0.00670,0.01530,0.01490,-0.01,-0.02,-0.01,0.01,0.01,0.01,-43,-33,-76,-57,-93,-70,92,-63,160,96,111,121,0.01,0.01,0.02,0.01,1.34613,0.00447,-1680,-52378,45183,-100416,49483,0.20762,0.09997,0.10765,33.60,1.30712,1.37034,1.34710,1.35632,1.35632,1.34427,1.36511,1.34427,2.02168,1.35126,-5.6688,-4.2510,-2.8883,0.2856,0.5423,1.5577,0.9537,1.5852,1.1613,0.9435,-39.1,98.0,2842
2009-05-18, EUR_USD,buy,1.34535,1.35514,1.35642,1.34235,1.34822,-0.00800,0.00107,-0.01253,-0.00819,0.01649,0.02509,-0.01,0.00,-0.01,-0.01,0.01,0.02,18,90,9,24,-8,6,67,-21,137,26,237,147,0.01,0.02,0.02,0.02,1.35227,-0.00020,52849,-1680,-52378,45183,-100416,0.20698,0.09966,0.10732,48.50,1.30848,1.37208,1.34982,1.34730,1.35642,1.34235,1.35642,1.34235,2.02760,1.34815,-2.5237,-3.1600,-2.3967,-0.9617,1.7218,0.9662,1.1162,1.2536,1.8787,0.5560,98.0,91.8,64605
2009-05-19, EUR_USD,buy,1.35520,1.36437,1.36680,1.35304,1.36083,0.01484,0.00123,0.01030,0.00104,0.00104,0.02572,0.01,0.00,0.01,0.00,0.00,0.02,96,211,84,187,58,79,53,62,97,76,179,110,0.03,0.02,0.03,0.03,1.36215,-0.00371,52078,52849,-1680,-52378,45183,0.20848,0.10038,0.10810,82.41,1.31029,1.37451,1.35985,1.35024,1.36680,1.35024,1.36680,1.34235,2.04332,1.35466,0.4238,0.0560,-0.9042,0.0078,1.8018,1.7858,2.1262,1.9610,2.4977,0.9369,91.8,140.2,80443
2009-05-20, EUR_USD,buy,1.36433,1.37834,1.38312,1.35835,1.37031,0.03300,0.02881,0.01520,0.01974,0.01502,0.01502,0.02,0.02,0.01,0.01,0.01,0.01,644,361,169,356,184,333,202,162,327,227,143,224,0.04,0.04,0.03,0.04,1.37454,-0.00720,57081,52078,52849,-1680,-52378,0.20990,0.10106,0.10884,122.28,1.31508,1.37731,1.37104,1.35979,1.38312,1.35835,1.38312,1.35304,2.06229,1.36533,8.3913,3.6020,2.7658,1.8039,1.6395,3.5100,3.3634,2.9117,3.2181,1.7216,140.2,157.3,92861
2009-05-21, EUR_USD,buy,1.37837,1.39410,1.39410,1.37277,1.38018,0.03896,0.04875,0.04457,0.02642,0.03550,0.03077,0.03,0.04,0.03,0.02,0.03,0.02,367,270,942,536,252,521,261,258,344,274,636,414,0.04,0.05,0.05,0.04,1.38877,-0.00477,93784,57081,52078,52849,-1680,0.21205,0.10210,0.10995,167.60,1.31829,1.38218,1.38483,1.37133,1.39410,1.37133,1.39410,1.35835,2.08048,1.37708,9.4187,8.9100,4.8325,2.5883,2.4882,3.6246,3.1397,3.6929,3.4760,2.1682,157.3,57.7,93785
2009-05-22, EUR_USD,buy,1.39405,1.39982,1.40509,1.38987,1.39645,0.03545,0.04468,0.05448,0.04575,0.03215,0.04122,0.03,0.03,0.04,0.03,0.02,0.03,340,211,408,305,1051,599,247,289,300,295,395,314,0.03,0.05,0.05,0.05,1.39865,-0.00527,25518,93784,57081,52078,52849,0.21448,0.10327,0.11121,193.05,1.32008,1.38771,1.39721,1.38623,1.40509,1.38623,1.40509,1.37277,2.10003,1.39046,9.5725,9.7330,9.2567,3.6517,3.4736,3.0777,3.8441,3.3714,3.4165,2.7656,57.7,23.3,83053
2009-05-24, EUR_USD,sell,1.40034,1.40267,1.40477,1.39870,1.40247,0.02433,0.03830,0.04753,0.03953,0.04860,0.03500,0.02,0.03,0.04,0.03,0.04,0.03,178,134,360,226,428,322,359,587,262,306,320,314,0.03,0.03,0.05,0.05,1.40220,-0.00769,668,25518,93784,57081,52078,0.21536,0.10369,0.11167,182.04,1.32235,1.39327,1.40162,1.39694,1.40477,1.39694,1.40509,1.38987,2.10412,1.39961,5.4137,7.5940,8.0575,4.2500,3.0877,2.9262,4.2053,3.1526,2.8719,3.1352,23.3,-17.0,2170
2009-05-25, EUR_USD,sell,1.40262,1.40092,1.40277,1.39582,1.39955,0.00683,0.02258,0.03655,0.05139,0.03778,0.04685,0.00,0.02,0.03,0.04,0.03,0.03,131,80,171,125,348,217,288,592,346,569,252,296,0.03,0.03,0.03,0.05,1.40011,0.00269,16984,668,25518,93784,57081,0.21580,0.10390,0.11189,155.24,1.32496,1.39804,1.40053,1.40151,1.40277,1.39582,1.40477,1.39582,2.10067,1.40051,2.1663,3.9300,5.9942,4.1844,2.7764,2.7604,3.4866,3.3326,2.9671,3.2550,-17.0,-16.1,36100
2009-05-26, EUR_USD,sell,1.40088,1.39926,1.40219,1.38592,1.39466,-0.00056,0.00517,0.02092,0.05392,0.04973,0.03612,-0.00,0.00,0.02,0.04,0.04,0.03,61,40,124,65,165,117,1040,593,280,575,335,551,0.02,0.03,0.03,0.03,1.39666,0.01846,40970,16984,668,25518,93784,0.21553,0.10377,0.11175,121.63,1.32749,1.40255,1.39706,1.40177,1.40219,1.38592,1.40277,1.38592,2.09515,1.39667,-0.7238,1.6190,3.1800,5.8494,3.2432,2.4146,2.3197,3.4712,3.0856,3.3145,-16.1,-160.9,64012
2009-05-27, EUR_USD,buy,1.39926,1.38318,1.39968,1.38245,1.39338,-0.01949,-0.01664,-0.01092,0.02804,0.03783,0.03365,-0.01,-0.01,-0.01,0.02,0.03,0.02,-255,-151,-44,-160,48,-83,290,203,736,415,195,407,0.02,0.01,0.02,0.01,1.38712,0.01407,-65934,40970,16984,668,25518,0.21527,0.10365,0.11162,81.83,1.32926,1.40494,1.39115,1.40007,1.40007,1.38245,1.40219,1.38245,2.09091,1.39256,-1.2713,-1.0810,0.9308,4.8067,3.1436,2.1123,2.0597,2.6581,3.1975,3.0955,-160.9,115.7,71994
2009-05-28, EUR_USD,buy,1.38318,1.39474,1.39837,1.37928,1.38931,-0.00618,-0.00793,-0.00508,0.03037,0.03960,0.04940,-0.00,-0.01,-0.00,0.02,0.03,0.04,-15,36,-65,-8,32,-16,303,184,372,274,955,543,0.02,0.03,0.02,0.03,1.39179,-0.00422,49071,-65934,40970,16984,668,0.21280,0.10246,0.11034,79.23,1.33221,1.40842,1.38889,1.39122,1.39837,1.37928,1.39968,1.37928,2.08801,1.38995,-1.0988,-1.2800,-1.1200,3.5078,4.4382,2.4500,1.9681,2.6088,2.4646,2.6487,115.7,201.8,79133
2009-05-29, EUR_USD,sell,1.39472,1.41490,1.41692,1.39431,1.40771,0.01564,0.01398,0.01223,0.03656,0.05053,0.05976,0.01,0.01,0.01,0.03,0.04,0.04,178,184,274,213,266,239,228,196,449,291,515,397,0.05,0.04,0.04,0.03,1.41026,-0.00696,65994,49071,-65934,40970,16984,0.21458,0.10331,0.11126,126.94,1.33517,1.41394,1.40521,1.38896,1.41692,1.38896,1.41692,1.37928,2.11407,1.39722,3.6813,2.8310,2.0250,3.7561,5.4995,3.9858,2.8822,3.7826,3.0137,2.8006,201.8,-41.5,80349
2009-05-31, EUR_USD,buy,1.41470,1.41055,1.41680,1.41001,1.41214,0.02737,0.01128,0.00962,0.01645,0.03221,0.04618,0.02,0.01,0.01,0.01,0.02,0.03,163,132,151,159,212,175,177,169,210,174,418,268,0.05,0.05,0.03,0.04,1.41198,0.01422,-1653,65994,49071,-65934,40970,0.21768,0.10481,0.11287,123.42,1.33876,1.41755,1.41301,1.40481,1.41680,1.40481,1.41692,1.39431,2.12180,1.40951,4.2787,2.9210,2.3392,2.5222,4.5455,5.1731,2.7859,3.3248,3.2315,2.9413,-41.5,74.3,1966
2009-06-01, EUR_USD,buy,1.41062,1.41805,1.42463,1.40994,1.41833,0.02331,0.03487,0.01879,0.01823,0.02395,0.03971,0.02,0.03,0.01,0.01,0.02,0.03,203,142,206,171,197,202,185,274,212,238,241,212,0.05,0.05,0.05,0.04,1.41767,0.00966,7980,-1653,65994,49071,-65934,0.21701,0.10449,0.11252,124.13,1.33902,1.42275,1.41581,1.41262,1.42463,1.40994,1.42463,1.40994,2.12960,1.41535,6.5662,4.9900,3.7400,2.1717,3.7745,5.2469,3.6322,2.8360,3.6667,3.3118,74.3,108.2,76901
2009-06-02, EUR_USD,sell,1.41808,1.42890,1.43316,1.41017,1.42264,0.01400,0.03416,0.04573,0.02623,0.02908,0.03480,0.01,0.02,0.03,0.02,0.02,0.02,152,186,259,230,269,227,497,412,256,410,263,339,0.05,0.05,0.06,0.06,1.42528,-0.01084,50083,7980,-1653,65994,49071,0.21816,0.10504,0.11312,128.66,1.33972,1.42862,1.42258,1.41433,1.43316,1.41017,1.43316,1.40994,2.13824,1.41947,4.0588,6.9570,5.5783,3.1539,3.5505,5.1042,4.2531,3.1631,3.4342,3.7615,108.2,-146.0,79464
2009-06-03, EUR_USD,buy,1.42885,1.41425,1.43386,1.41091,1.42103,0.00370,-0.00065,0.01951,0.01333,0.01158,0.01443,0.00,-0.00,0.01,0.01,0.01,0.01,62,36,88,59,183,111,265,207,256,231,160,227,0.03,0.04,0.04,0.05,1.41832,-0.00017,-67801,50083,7980,-1653,65994,0.21983,0.10584,0.11399,105.06,1.34260,1.43130,1.42197,1.42349,1.43386,1.41091,1.43386,1.41017,2.13932,1.42202,4.2663,3.3890,5.9158,3.4556,2.6159,3.9038,5.2697,3.1898,3.4723,3.2121,-146.0,25.6,95631
2009-06-04, EUR_USD,sell,1.41425,1.41681,1.42424,1.40714,1.41732,-0.00124,0.00626,0.00191,0.01754,0.01588,0.01414,-0.00,0.00,0.00,0.01,0.01,0.01,46,33,100,58,99,82,189,195,302,230,298,263,0.02,0.03,0.04,0.05,1.41625,-0.01297,11669,-67801,50083,7980,-1653,0.21758,0.10476,0.11282,86.57,1.34498,1.43383,1.41561,1.42155,1.42424,1.40714,1.43386,1.40714,2.12782,1.41904,-0.0975,1.4890,1.2208,2.4500,1.7705,2.3188,4.2387,2.5448,3.3369,2.7639,25.6,-199.7,89313
2009-06-05, EUR_USD,buy,1.41680,1.39683,1.42675,1.39327,1.41115,-0.03207,-0.02122,-0.01372,0.01365,-0.00243,-0.00409,-0.02,-0.01,-0.01,0.01,-0.00,-0.00,-58,-59,-89,-69,-194,-113,83,62,67,80,14,55,-0.00,0.00,0.01,0.02,1.40342,-0.01350,-64741,11669,-67801,50083,7980,0.21797,0.10495,0.11302,49.13,1.35120,1.43189,1.40841,1.41553,1.42675,1.39327,1.42675,1.39327,2.12339,1.41285,-1.6012,0.4230,1.6583,3.0072,2.1805,1.6662,3.7469,2.5964,3.0681,3.0313,-199.7,4.8,82229
2009-06-07, EUR_USD,sell,1.39706,1.39754,1.39784,1.39263,1.39575,-0.01671,-0.03136,-0.02051,0.00280,0.01436,-0.00172,-0.01,-0.02,-0.01,0.00,0.01,-0.00,-58,-33,-54,-56,-84,-65,95,-24,87,65,71,84,-0.00,-0.00,0.00,0.01,1.39639,-0.02565,2330,-64741,11669,-67801,50083,0.21490,0.10347,0.11143,12.79,1.35653,1.43000,1.39627,1.40681,1.40681,1.39263,1.42675,1.39263,2.09415,1.40262,-9.0062,-7.0630,-4.4658,-0.0589,-0.3959,-0.5331,0.9203,1.4914,1.2600,2.2110,4.8,-46.4,2634
2009-06-08, EUR_USD,buy,1.39754,1.39290,1.40032,1.38058,1.39017,-0.02391,-0.02135,-0.03600,-0.02200,-0.00184,0.00972,-0.02,-0.02,-0.03,-0.02,-0.00,0.01,-83,-26,-78,-54,-75,-78,-6,-124,71,-62,60,41,-0.01,-0.01,-0.00,-0.00,1.39168,-0.01690,21083,2330,-64741,11669,-67801,0.21501,0.10352,0.11148,-12.27,1.36437,1.42650,1.39284,1.39730,1.40032,1.38058,1.40032,1.38058,2.09061,1.39284,-5.9812,-6.7090,-5.4725,-1.8444,0.0577,-0.1881,0.3888,1.6769,1.2919,1.8211,-46.4,133.4,85004
2009-06-09, EUR_USD,sell,1.39293,1.40627,1.41025,1.38524,1.39691,0.00944,-0.01054,-0.00798,-0.00428,-0.00863,0.01153,0.01,-0.01,-0.01,-0.00,-0.01,0.01,38,143,-5,98,-20,4,-55,-32,52,-9,141,46,0.01,0.00,0.00,0.00,1.40201,0.00834,48225,21083,2330,-64741,11669,0.21429,0.10318,0.11111,17.32,1.37265,1.42431,1.39867,1.39522,1.41025,1.38524,1.41025,1.38058,2.10287,1.39410,-4.1250,-2.7990,-3.9358,-0.7278,1.0800,0.6196,0.3225,2.8905,1.6681,2.1505,133.4,-74.1,70741
2009-06-10, EUR_USD,buy,1.40625,1.39884,1.41439,1.39152,1.40455,0.00130,0.00201,-0.01797,-0.01921,-0.01171,-0.01606,0.00,0.00,-0.01,-0.01,-0.01,-0.01,119,88,16,76,-48,29,-75,-59,-164,-96,20,-73,0.01,-0.00,-0.00,-0.00,1.40090,0.00962,-28856,48225,21083,2330,-64741,0.21635,0.10417,0.11218,12.11,1.37919,1.42214,1.40275,1.39960,1.41439,1.39152,1.41439,1.38524,2.11015,1.40035,4.1363,-2.4730,-1.6433,-1.1389,-0.2305,1.1308,0.6009,2.7600,1.6762,2.4806,-74.1,136.9,80219
2009-06-11, EUR_USD,sell,1.39885,1.41254,1.41778,1.39448,1.40514,0.01964,0.01500,0.01571,-0.01636,-0.00551,0.00199,0.01,0.01,0.01,-0.01,-0.00,0.00,161,121,382,217,57,200,10,16,17,11,37,21,0.01,0.02,0.01,0.01,1.40934,0.00836,40490,-28856,48225,21083,2330,0.21521,0.10362,0.11159,43.71,1.38353,1.42261,1.40591,1.40254,1.41778,1.39448,1.41778,1.39152,2.11502,1.40454,4.3650,3.9880,-1.4950,-1.7083,0.0891,1.4931,0.9384,2.4276,1.7521,2.2839,136.9,-108.9,73604
2009-06-12, EUR_USD,sell,1.41254,1.40165,1.41278,1.39360,1.40302,-0.00462,0.00875,0.00411,-0.01260,-0.02725,-0.01640,-0.00,0.01,0.00,-0.01,-0.02,-0.01,65,46,106,72,173,115,-40,-15,-37,-36,-56,-44,-0.01,0.00,0.01,0.00,1.40242,0.00281,-10843,40490,-28856,48225,21083,0.21731,0.10463,0.11268,-5.11,1.38656,1.42191,1.40514,1.40569,1.41278,1.39360,1.41778,1.39360,2.10958,1.40466,0.6325,2.4920,2.4900,-2.3428,-1.0777,-0.3185,0.6616,1.4126,1.7792,1.5387,-108.9,-33.0,67527
2009-06-14, EUR_USD,sell,1.40105,1.39775,1.40336,1.39670,1.39859,-0.00109,-0.00852,0.00485,-0.01906,-0.01650,-0.03115,-0.00,-0.01,0.00,-0.01,-0.01,-0.02,27,20,50,30,86,54,-54,18,-57,-32,-54,-55,-0.01,-0.01,0.00,0.01,1.39889,0.01220,-1919,-10843,40490,-28856,48225,0.21564,0.10383,0.11181,-38.59,1.38704,1.42180,1.39972,1.40709,1.40709,1.39670,1.41278,1.39360,2.10171,1.40161,-2.7562,-1.3780,0.5067,-2.3206,-2.7086,-1.0338,0.2297,0.4410,1.4713,1.1816,-33.0,-202.8,2803
2009-06-15, EUR_USD,buy,1.39773,1.37745,1.39859,1.37560,1.38518,-0.03509,-0.02140,-0.02883,-0.01938,-0.03936,-0.03680,-0.02,-0.02,-0.02,-0.01,-0.03,-0.03,-73,-148,-61,-72,-31,-55,-47,-118,-173,-170,-145,-122,-0.03,-0.02,-0.03,-0.01,1.38227,0.00600,-59569,-1919,-10843,40490,-28856,0.21504,0.10354,0.11150,-149.03,1.38413,1.42247,1.38734,1.39940,1.39940,1.37560,1.40336,1.37560,2.08639,1.39356,-4.7975,-3.1590,-1.9433,-3.1289,-3.2068,-2.0035,0.0138,-0.3095,1.8862,1.0229,-202.8,41.1,70993
2009-06-16, EUR_USD,buy,1.37749,1.38159,1.39332,1.37481,1.38553,-0.02006,-0.03095,-0.01725,-0.01595,-0.01524,-0.03522,-0.01,-0.02,-0.01,-0.01,-0.01,-0.02,-62,-87,-55,-114,-43,-53,-211,-73,-34,-80,-149,-132,-0.03,-0.03,-0.02,-0.02,1.38283,-0.01515,-21107,-59569,-1919,-10843,40490,0.21191,0.10203,0.10988,-134.40,1.38139,1.42311,1.38180,1.38759,1.39332,1.37481,1.39859,1.37481,2.08073,1.38558,-4.8650,-4.8920,-3.5108,-0.5022,-2.8114,-3.0642,-1.4750,-0.5452,1.4190,0.7263,41.1,152.0,78827
2009-06-17, EUR_USD,sell,1.38157,1.39677,1.39857,1.38111,1.38832,-0.00098,-0.00488,-0.01577,0.00387,-0.00077,-0.00006,-0.00,-0.00,-0.01,0.00,-0.00,-0.00,1,70,16,36,9,9,82,50,79,69,10,57,-0.01,-0.02,-0.02,-0.01,1.39331,-0.01879,59587,-21107,-59569,-1919,-10843,0.21255,0.10234,0.11021,-66.39,1.38085,1.42323,1.38951,1.37954,1.39857,1.37954,1.39857,1.37481,2.08912,1.38695,-1.1988,-2.8430,-3.2025,-0.1950,-2.5623,-2.7154,-1.1397,-0.2000,1.2217,0.8497,152.0,-58.4,74968
2009-06-18, EUR_USD,buy,1.39674,1.39089,1.40015,1.38719,1.39428,0.01345,-0.00686,-0.01076,-0.01538,-0.00201,-0.00665,0.01,-0.00,-0.01,-0.01,-0.00,-0.00,66,69,-87,22,-14,-11,22,1,52,24,-33,13,-0.02,-0.02,-0.03,-0.02,1.39228,0.00799,-28460,59587,-21107,-59569,-1919,0.21489,0.10346,0.11142,-60.47,1.37975,1.42349,1.39374,1.38917,1.40015,1.38719,1.40015,1.38111,2.09375,1.39175,0.3900,-0.6420,-2.1050,-1.1222,0.2100,-1.8535,-1.5303,-0.0974,0.6552,1.0848,-58.4,27.3,66459
2009-06-19, EUR_USD,sell,1.39092,1.39365,1.40134,1.38829,1.39337,0.01206,0.01621,-0.00410,-0.00519,-0.01262,0.00075,0.01,0.01,-0.00,-0.00,-0.01,0.00,101,74,78,84,-45,44,9,1,33,13,66,36,-0.00,-0.02,-0.01,-0.02,1.39423,0.00209,-9810,-28460,59587,-21107,-59569,0.21398,0.10303,0.11095,-52.62,1.38112,1.42317,1.39355,1.39382,1.40134,1.38829,1.40134,1.38719,2.09548,1.39424,2.0050,0.5500,-0.3367,-1.4494,0.0927,-1.9546,-1.9884,0.0788,0.2785,1.1689,27.3,-2.5,55088
2009-06-21, EUR_USD,sell,1.39385,1.39360,1.39628,1.39247,1.39414,-0.00317,0.01201,0.01616,-0.01894,-0.00524,-0.01267,-0.00,0.01,0.01,-0.01,-0.00,-0.01,71,53,101,74,78,83,-3,-16,9,1,33,12,-0.00,-0.00,-0.02,-0.01,1.39399,-0.00238,-931,-9810,-28460,59587,-21107,0.21441,0.10323,0.11117,-56.77,1.38097,1.42320,1.39405,1.39228,1.39628,1.39228,1.40134,1.38829,2.09251,1.39459,-0.5713,0.5920,-0.3850,-2.3889,-1.2700,-0.1200,-2.3491,-0.0995,-0.3388,1.5074,-2.5,-86.2,2289
2009-06-22, EUR_USD,buy,1.39358,1.38496,1.39361,1.38267,1.38688,-0.00594,-0.01181,0.00337,-0.01669,-0.02758,-0.01388,-0.00,-0.01,0.00,-0.01,-0.02,-0.01,-17,-79,22,-6,54,19,-45,-60,-40,-87,-28,-38,-0.01,-0.01,-0.01,-0.02,1.38655,0.00760,-35140,-931,-9810,-28460,59587,0.21440,0.10323,0.11117,-95.87,1.37973,1.42145,1.38871,1.39373,1.39373,1.38267,1.39628,1.38267,2.08495,1.39126,-1.6350,-0.9910,0.0483,-2.1300,-1.8886,-0.5162,-1.9147,-1.1100,-0.4292,1.1995,-86.2,220.0,60372
2009-06-23, EUR_USD,sell,1.38496,1.40696,1.41095,1.38278,1.39708,0.01331,0.01606,0.01019,0.00921,0.00531,-0.00558,0.01,0.01,0.01,0.01,0.00,-0.00,143,248,152,225,148,147,154,154,69,120,53,92,0.00,0.01,0.01,0.01,1.40191,-0.00171,48973,-35140,-931,-9810,-28460,0.21307,0.10259,0.11048,-2.15,1.37998,1.42084,1.39641,1.38927,1.41095,1.38278,1.41095,1.38267,2.10234,1.39250,2.4025,2.1600,2.0642,0.8433,-0.6209,0.0538,-0.9875,-0.2786,0.3148,1.4242,220.0,-127.8,68330
2009-06-24, EUR_USD,buy,1.40693,1.39415,1.41384,1.38885,1.40335,0.00055,0.00050,0.00326,0.01670,-0.00360,-0.00750,0.00,0.00,0.00,0.01,-0.00,-0.01,44,63,44,64,53,47,80,86,-38,48,2,15,-0.00,-0.01,0.00,-0.00,1.39775,0.00738,-45158,48973,-35140,-931,-9810,0.21646,0.10422,0.11224,-5.26,1.38064,1.41779,1.40094,1.39596,1.41384,1.38885,1.41384,1.38278,2.10826,1.39910,4.3888,2.4990,2.2808,1.6939,0.0959,-0.0423,0.9997,-0.5143,0.4477,0.9910,-127.8,69.0,78436
2009-06-25, EUR_USD,buy,1.39418,1.40108,1.40136,1.38899,1.39524,0.01612,0.00748,0.00743,0.01949,0.02363,0.00333,0.01,0.01,0.01,0.01,0.02,0.00,168,94,225,153,98,164,141,121,110,122,65,106,-0.01,0.00,-0.00,0.01,1.39813,-0.00139,56641,-45158,48973,-35140,-931,0.21448,0.10327,0.11121,-10.45,1.38266,1.41299,1.39640,1.40054,1.40136,1.38899,1.41384,1.38885,2.09586,1.39826,1.9375,1.0160,0.0033,0.8933,-0.1818,-1.2631,0.0650,-1.5140,0.0644,0.2342,69.0,46.4,59329
2009-06-26, EUR_USD,buy,1.40106,1.40570,1.41182,1.40097,1.40620,-0.00126,0.02074,0.01210,0.00893,0.02411,0.02825,-0.00,0.01,0.01,0.01,0.02,0.02,81,94,210,119,347,213,140,139,166,150,130,146,0.00,-0.00,0.00,-0.00,1.40605,-0.01888,-6501,56641,-45158,48973,-35140,0.21555,0.10378,0.11177,89.96,1.38316,1.41163,1.40489,1.39763,1.41182,1.39763,1.41182,1.38899,2.11231,1.40079,0.2187,3.6430,2.5908,1.4733,1.2032,-0.0735,0.0984,-1.0495,0.5175,0.2173,46.4,11.2,50589
2009-06-28, EUR_USD,buy,1.40590,1.40702,1.40778,1.40456,1.40664,0.01287,0.00006,0.02206,0.01612,0.01025,0.02543,0.01,0.00,0.02,0.01,0.01,0.02,72,91,86,101,222,127,153,226,148,148,174,158,0.01,0.00,-0.00,0.01,1.40660,-0.01093,873,-6501,56641,-45158,48973,0.21626,0.10413,0.11214,105.91,1.38365,1.41016,1.40631,1.40338,1.40778,1.40338,1.41182,1.40097,2.11006,1.40628,-1.5138,-0.6340,2.3617,0.8478,1.3145,0.3400,-0.4128,-0.7840,-0.3515,0.0971,11.2,29.5,1655
2009-06-29, EUR_USD,sell,1.40700,1.40995,1.41132,1.39824,1.40463,0.00887,0.01580,0.00299,0.01630,0.01905,0.01317,0.01,0.01,0.00,0.01,0.01,0.01,169,139,84,112,96,116,165,291,175,266,165,168,0.02,0.01,0.01,-0.00,1.40736,-0.00618,37963,873,-6501,56641,-45158,0.21646,0.10422,0.11224,105.26,1.38314,1.41199,1.40663,1.40646,1.41132,1.39824,1.41132,1.39824,2.11044,1.40548,2.4900,-0.5030,0.0617,1.1089,1.1595,0.9792,-0.4038,-0.7348,-0.2108,0.2760,29.5,-59.0,48024
2009-06-30, EUR_USD,buy,1.40993,1.40403,1.41524,1.40014,1.40796,-0.00167,0.00295,0.00988,0.01043,0.01038,0.01314,-0.00,0.00,0.01,0.01,0.01,0.01,28,18,121,44,60,70,303,191,120,206,129,184,0.02,0.02,0.00,0.00,1.40586,0.00442,-27214,37963,873,-6501,56641,0.21692,0.10444,0.11247,93.41,1.38286,1.41292,1.40734,1.40847,1.41524,1.40014,1.41524,1.39824,2.11531,1.40624,0.8538,2.7760,0.2342,2.1067,1.3718,1.6862,0.1537,0.8286,-0.3613,0.4208,-59.0,105.6,56083
