year,month,day,hour,minute,second,openBid,openAsk,highBid,highAsk,lowBid,lowAsk,closeBid,closeAsk,volume,complete
2015,07,01,00,00,00,1.11254,1.11366,1.11366,1.11391,1.11254,1.11307,1.11345,1.11372,461,True
2015,07,01,01,00,00,1.11343,1.1137,1.11418,1.11435,1.11317,1.11337,1.11396,1.11413,763,True
2015,07,01,02,00,00,1.11398,1.11415,1.11422,1.11437,1.11305,1.11322,1.11347,1.11361,705,True
2015,07,01,03,00,00,1.11343,1.11361,1.11414,1.1143,1.11341,1.11357,1.11392,1.1141,454,True
2015,07,01,04,00,00,1.1139,1.11408,1.11392,1.11409,1.11305,1.11321,1.11384,1.11399,468,True
2015,07,01,05,00,00,1.11381,1.11398,1.11413,1.1143,1.11285,1.11301,1.11285,1.11301,423,True
2015,07,01,06,00,00,1.11283,1.11299,1.11341,1.11359,1.11145,1.1116,1.11243,1.11262,2261,True
2015,07,01,07,00,00,1.1124,1.11259,1.11333,1.1135,1.10993,1.11009,1.11117,1.11143,2783,True
2015,07,01,08,00,00,1.11112,1.1114,1.11507,1.11534,1.10943,1.10963,1.11476,1.11497,3058,True
2015,07,01,09,00,00,1.11473,1.11495,1.11699,1.1173,1.11185,1.11203,1.1124,1.11252,4728,True
2015,07,01,10,00,00,1.11238,1.1125,1.11292,1.11306,1.10994,1.11011,1.11097,1.11115,1864,True
2015,07,01,11,00,00,1.111,1.11117,1.11174,1.11189,1.10989,1.11006,1.1103,1.11044,2062,True
2015,07,01,12,00,00,1.11029,1.11041,1.11066,1.11084,1.10739,1.10763,1.10956,1.10972,2751,True
2015,07,01,13,00,00,1.10955,1.10969,1.11023,1.11039,1.10635,1.10653,1.1067,1.10709,2392,True
2015,07,01,14,00,00,1.10664,1.10708,1.11091,1.11114,1.1058,1.10594,1.11081,1.11096,3989,True
2015,07,01,15,00,00,1.11078,1.11095,1.11085,1.11108,1.10813,1.10829,1.10813,1.10829,2016,True
2015,07,01,16,00,00,1.10815,1.10832,1.10828,1.10845,1.10733,1.1075,1.10746,1.10762,1049,True
2015,07,01,17,00,00,1.10744,1.1076,1.10754,1.10771,1.10541,1.10562,1.10576,1.10593,1466,True
2015,07,01,18,00,00,1.10574,1.1059,1.10621,1.1064,1.10428,1.10445,1.10466,1.10486,1320,True
2015,07,01,19,00,00,1.10468,1.10488,1.1056,1.10578,1.1042,1.10439,1.10516,1.1054,805,True
2015,07,01,20,00,00,1.10522,1.10539,1.10591,1.10623,1.10475,1.10493,1.1052,1.1054,527,True
2015,07,01,21,00,00,1.10513,1.1054,1.10563,1.1059,1.10482,1.10528,1.10529,1.10557,277,True
2015,07,01,22,00,00,1.10531,1.1056,1.10548,1.10571,1.10414,1.10432,1.10436,1.10454,382,True
2015,07,01,23,00,00,1.10438,1.10456,1.10451,1.10467,1.10316,1.10333,1.10361,1.10379,433,True
2015,07,02,00,00,00,1.10364,1.1038,1.1047,1.10485,1.10358,1.10377,1.1045,1.10466,663,True
2015,07,02,01,00,00,1.10448,1.10463,1.10564,1.10579,1.1043,1.10445,1.10488,1.10503,560,True
2015,07,02,02,00,00,1.10485,1.10501,1.10758,1.10777,1.10471,1.10486,1.10705,1.10718,1019,True
2015,07,02,03,00,00,1.10707,1.10721,1.10766,1.1078,1.10664,1.1068,1.10702,1.10718,519,True
2015,07,02,04,00,00,1.107,1.10716,1.10743,1.10757,1.10662,1.10676,1.10726,1.10743,530,True
2015,07,02,05,00,00,1.10728,1.10745,1.10731,1.10747,1.10634,1.10648,1.10717,1.10731,615,True
2015,07,02,06,00,00,1.10718,1.10734,1.10866,1.10889,1.10564,1.10579,1.1075,1.10768,1931,True
2015,07,02,07,00,00,1.10749,1.10765,1.10804,1.10825,1.10479,1.10495,1.10585,1.10607,3056,True
2015,07,02,08,00,00,1.10584,1.10604,1.10809,1.10822,1.10475,1.10489,1.10756,1.10777,2277,True
2015,07,02,09,00,00,1.1076,1.10778,1.10847,1.10859,1.10685,1.107,1.10796,1.10809,1431,True
2015,07,02,10,00,00,1.10798,1.10812,1.10834,1.10846,1.10702,1.10716,1.10706,1.10719,1226,True
2015,07,02,11,00,00,1.10703,1.10716,1.10833,1.10847,1.1068,1.10694,1.10741,1.10754,1414,True
2015,07,02,12,00,00,1.10744,1.10756,1.11202,1.11231,1.10449,1.10542,1.10936,1.10953,6855,True
2015,07,02,13,00,00,1.10938,1.10956,1.11007,1.11022,1.10782,1.10798,1.10828,1.10847,3132,True
2015,07,02,14,00,00,1.1083,1.10851,1.1108,1.11094,1.10824,1.10851,1.11055,1.1107,2867,True
2015,07,02,15,00,00,1.11053,1.11067,1.11112,1.11131,1.10887,1.10903,1.10894,1.10906,2093,True
2015,07,02,16,00,00,1.10891,1.10904,1.10965,1.10982,1.10865,1.10882,1.10947,1.10966,938,True
2015,07,02,17,00,00,1.10947,1.1096,1.10978,1.10994,1.10782,1.10799,1.10849,1.10864,679,True
2015,07,02,18,00,00,1.10847,1.10861,1.1088,1.10896,1.10751,1.1077,1.10843,1.10856,646,True
2015,07,02,19,00,00,1.10839,1.10855,1.1091,1.10928,1.10771,1.10791,1.10832,1.10854,451,True
2015,07,02,20,00,00,1.10831,1.10849,1.10858,1.10882,1.10785,1.10804,1.10824,1.10852,270,True
2015,07,02,21,00,00,1.10801,1.10847,1.1085,1.10878,1.10796,1.10827,1.10846,1.10878,131,True
2015,07,02,22,00,00,1.10849,1.10871,1.10914,1.10938,1.1082,1.10846,1.10889,1.10907,238,True
2015,07,02,23,00,00,1.10886,1.10904,1.10886,1.10905,1.10829,1.10845,1.10851,1.10866,126,True
2015,07,03,00,00,00,1.10848,1.10865,1.10983,1.10998,1.10812,1.10828,1.10863,1.10878,707,True
2015,07,03,01,00,00,1.1086,1.10876,1.10908,1.10922,1.10837,1.10853,1.10881,1.10895,475,True
2015,07,03,02,00,00,1.10883,1.10898,1.10949,1.10965,1.10845,1.10859,1.10918,1.10933,487,True
2015,07,03,03,00,00,1.10916,1.10931,1.10971,1.10987,1.10882,1.10897,1.10928,1.10943,395,True
2015,07,03,04,00,00,1.10925,1.10941,1.1096,1.10975,1.10899,1.10914,1.10956,1.10972,306,True
2015,07,03,05,00,00,1.10954,1.10969,1.10987,1.11001,1.109,1.10917,1.10929,1.10946,379,True
2015,07,03,06,00,00,1.10928,1.10943,1.11049,1.11065,1.10888,1.10903,1.10935,1.10949,1117,True
2015,07,03,07,00,00,1.10937,1.10952,1.11129,1.11145,1.1092,1.10935,1.11005,1.11022,2204,True
2015,07,03,08,00,00,1.11005,1.11027,1.11165,1.11183,1.11005,1.11027,1.11059,1.1109,2299,True
2015,07,03,09,00,00,1.11065,1.11089,1.11169,1.11185,1.11027,1.1104,1.11146,1.1116,1721,True
2015,07,03,10,00,00,1.11144,1.11157,1.11161,1.11174,1.11039,1.11053,1.11071,1.11085,1266,True
2015,07,03,11,00,00,1.11069,1.11083,1.1107,1.11084,1.10929,1.10948,1.10968,1.10982,1057,True
2015,07,03,12,00,00,1.10966,1.1098,1.10998,1.11013,1.10783,1.10799,1.1091,1.10925,1377,True
2015,07,03,13,00,00,1.10909,1.10922,1.11045,1.11063,1.10872,1.10888,1.10986,1.11001,1203,True
2015,07,03,14,00,00,1.10989,1.11003,1.1103,1.11046,1.1094,1.10956,1.10999,1.11023,955,True
2015,07,03,15,00,00,1.11002,1.11016,1.11073,1.11088,1.10947,1.10962,1.10954,1.1097,942,True
2015,07,03,16,00,00,1.10952,1.10968,1.11073,1.11089,1.10643,1.10662,1.10708,1.10732,1298,True
2015,07,03,17,00,00,1.10714,1.10731,1.10999,1.11028,1.10714,1.10731,1.10953,1.10979,1051,True
2015,07,03,18,00,00,1.10951,1.10976,1.10992,1.11028,1.10901,1.10944,1.10944,1.10973,283,True
2015,07,03,19,00,00,1.10949,1.10972,1.11088,1.11133,1.10938,1.10968,1.11048,1.11091,459,True
2015,07,03,20,00,00,1.11042,1.1109,1.11113,1.11215,1.10813,1.10944,1.11062,1.11212,857,True
2015,07,05,21,00,00,1.09819,1.1,1.09943,1.10094,1.09678,1.09717,1.09796,1.0983,1903,True
2015,07,05,22,00,00,1.09789,1.0983,1.10328,1.10423,1.09772,1.0983,1.10213,1.10235,2377,True
2015,07,05,23,00,00,1.1021,1.10233,1.10381,1.10405,1.09909,1.0993,1.0994,1.09956,1493,True
2015,07,06,00,00,00,1.09941,1.0996,1.1027,1.10292,1.0993,1.09951,1.10191,1.10211,2581,True
2015,07,06,01,00,00,1.10192,1.10214,1.1056,1.10583,1.10192,1.10213,1.1041,1.10428,1818,True
2015,07,06,02,00,00,1.10413,1.10429,1.1049,1.10508,1.10353,1.10374,1.10414,1.10429,778,True
2015,07,06,03,00,00,1.10416,1.10432,1.10417,1.10435,1.103,1.1032,1.10358,1.10374,644,True
2015,07,06,04,00,00,1.10356,1.10371,1.10427,1.10444,1.10236,1.10255,1.10287,1.10304,748,True
2015,07,06,05,00,00,1.10286,1.10301,1.10871,1.10897,1.10105,1.10121,1.10671,1.10699,2373,True
2015,07,06,06,00,00,1.10673,1.10702,1.10734,1.10754,1.10418,1.10438,1.10548,1.10567,3052,True
2015,07,06,07,00,00,1.10545,1.10565,1.10824,1.1084,1.10441,1.10458,1.10808,1.10823,4107,True
2015,07,06,08,00,00,1.10804,1.10823,1.10944,1.10968,1.10579,1.10596,1.10615,1.1063,3000,True
2015,07,06,09,00,00,1.10617,1.10633,1.10651,1.10665,1.10435,1.1045,1.10478,1.10493,2146,True
2015,07,06,10,00,00,1.1048,1.10496,1.10506,1.10521,1.10218,1.10235,1.10311,1.10326,2477,True
2015,07,06,11,00,00,1.10308,1.10324,1.10379,1.10395,1.10073,1.10091,1.10118,1.10132,1939,True
2015,07,06,12,00,00,1.10114,1.1013,1.10348,1.10366,1.10009,1.10025,1.10319,1.10332,2359,True
2015,07,06,13,00,00,1.10315,1.1033,1.10411,1.10462,1.10216,1.10231,1.10401,1.1045,1918,True
2015,07,06,14,00,00,1.1039,1.10453,1.10762,1.10788,1.10333,1.10348,1.10749,1.10765,3317,True
2015,07,06,15,00,00,1.10747,1.10763,1.1084,1.10855,1.10578,1.10593,1.10743,1.10756,2351,True
2015,07,06,16,00,00,1.10745,1.10759,1.10907,1.10921,1.10692,1.10709,1.10735,1.10752,1627,True
2015,07,06,17,00,00,1.10737,1.10755,1.10854,1.10873,1.10583,1.10603,1.10646,1.10664,1757,True
2015,07,06,18,00,00,1.10649,1.10665,1.10649,1.10665,1.10397,1.10413,1.10459,1.10474,1079,True
2015,07,06,19,00,00,1.10457,1.10471,1.10547,1.10567,1.1045,1.10465,1.10531,1.10546,687,True
2015,07,06,20,00,00,1.1053,1.10553,1.10598,1.10616,1.10522,1.10538,1.10549,1.10573,342,True
2015,07,06,21,00,00,1.10541,1.10574,1.10571,1.10609,1.10523,1.10551,1.10547,1.10571,115,True
2015,07,06,22,00,00,1.1055,1.10573,1.10558,1.10577,1.10519,1.10538,1.10538,1.1056,155,True
2015,07,06,23,00,00,1.10542,1.10561,1.10554,1.10572,1.1046,1.10478,1.10467,1.10481,187,True
2015,07,07,00,00,00,1.10467,1.10485,1.10509,1.10525,1.10371,1.10388,1.10468,1.10485,785,True
2015,07,07,01,00,00,1.10471,1.10486,1.1049,1.10506,1.10328,1.10346,1.1038,1.10395,850,True
2015,07,07,02,00,00,1.10377,1.10394,1.1041,1.10425,1.10323,1.10338,1.10323,1.10338,765,True
2015,07,07,03,00,00,1.10327,1.1034,1.10339,1.10354,1.10251,1.10266,1.10319,1.10334,555,True
2015,07,07,04,00,00,1.1032,1.10337,1.10359,1.10376,1.10267,1.10283,1.10318,1.10334,708,True
2015,07,07,05,00,00,1.10317,1.10331,1.10403,1.10427,1.10287,1.10303,1.10403,1.10427,595,True
2015,07,07,06,00,00,1.10399,1.10427,1.10439,1.10455,1.10174,1.10189,1.10262,1.10278,1935,True
2015,07,07,07,00,00,1.1026,1.10276,1.10324,1.10339,1.0998,1.1,1.10061,1.10076,3027,True
2015,07,07,08,00,00,1.10058,1.10074,1.10073,1.10089,1.096,1.09624,1.09659,1.09674,4191,True
2015,07,07,09,00,00,1.09657,1.0967,1.09957,1.09977,1.09579,1.09598,1.09894,1.09909,2738,True
2015,07,07,10,00,00,1.09893,1.09906,1.09959,1.09973,1.09447,1.09475,1.09846,1.09871,3438,True
2015,07,07,11,00,00,1.09844,1.09868,1.09864,1.09878,1.09493,1.09508,1.09538,1.09551,2694,True
2015,07,07,12,00,00,1.09536,1.09548,1.09578,1.09592,1.09157,1.09171,1.0928,1.09295,4409,True
2015,07,07,13,00,00,1.09279,1.09292,1.09563,1.09584,1.09198,1.09215,1.09484,1.09507,2645,True
2015,07,07,14,00,00,1.09483,1.09504,1.09535,1.09549,1.0926,1.09273,1.09358,1.09372,3368,True
2015,07,07,15,00,00,1.09353,1.09372,1.096,1.09628,1.09326,1.09338,1.09508,1.09523,3488,True
2015,07,07,16,00,00,1.09506,1.0952,1.09749,1.0977,1.09338,1.09385,1.09361,1.09433,3461,True
2015,07,07,17,00,00,1.09366,1.09437,1.09654,1.0967,1.09365,1.0941,1.09647,1.09662,1862,True
2015,07,07,18,00,00,1.09645,1.09658,1.09789,1.09806,1.09616,1.0963,1.09751,1.09767,1060,True
2015,07,07,19,00,00,1.09752,1.0977,1.10508,1.1054,1.09746,1.0976,1.10166,1.10184,4466,True
2015,07,07,20,00,00,1.10161,1.10184,1.10226,1.10244,1.09946,1.09967,1.10097,1.10126,1380,True
2015,07,07,21,00,00,1.1008,1.10134,1.10112,1.10157,1.09853,1.09901,1.09967,1.09989,857,True
2015,07,07,22,00,00,1.09969,1.09992,1.10039,1.10057,1.09898,1.09917,1.10039,1.10057,362,True
2015,07,07,23,00,00,1.10035,1.10056,1.10134,1.10149,1.09999,1.1002,1.10069,1.10083,471,True
2015,07,08,00,00,00,1.10064,1.10083,1.10069,1.10085,1.09929,1.09944,1.09936,1.09951,1138,True
2015,07,08,01,00,00,1.09934,1.09948,1.09969,1.09986,1.09735,1.09751,1.09897,1.09914,1788,True
2015,07,08,02,00,00,1.099,1.09916,1.09995,1.10012,1.09821,1.09838,1.09839,1.09855,892,True
2015,07,08,03,00,00,1.09842,1.09857,1.09972,1.0999,1.09801,1.09815,1.09903,1.09918,901,True
2015,07,08,04,00,00,1.09906,1.0992,1.10168,1.10183,1.09906,1.0992,1.10082,1.10099,1408,True
2015,07,08,05,00,00,1.10081,1.10096,1.10163,1.10179,1.1003,1.10046,1.10069,1.10087,866,True
2015,07,08,06,00,00,1.10071,1.10089,1.10301,1.1032,1.09987,1.10004,1.1014,1.10156,2938,True
2015,07,08,07,00,00,1.10139,1.10153,1.10572,1.10613,1.10044,1.10058,1.10467,1.10481,4278,True
2015,07,08,08,00,00,1.10464,1.1048,1.10495,1.10511,1.10213,1.10228,1.10426,1.1044,3299,True
2015,07,08,09,00,00,1.10428,1.10443,1.10595,1.10618,1.1033,1.10346,1.10425,1.10439,2737,True
2015,07,08,10,00,00,1.10423,1.10436,1.10503,1.10517,1.101,1.10114,1.10106,1.10122,2372,True
2015,07,08,11,00,00,1.10104,1.10119,1.103,1.10318,1.10054,1.1007,1.10258,1.1027,1963,True
2015,07,08,12,00,00,1.1026,1.10274,1.10386,1.10402,1.10209,1.10223,1.10355,1.10367,2015,True
2015,07,08,13,00,00,1.10352,1.10365,1.10724,1.1075,1.10298,1.10311,1.10398,1.10414,3525,True
2015,07,08,14,00,00,1.104,1.10416,1.10668,1.10683,1.10247,1.10263,1.10637,1.10652,3723,True
2015,07,08,15,00,00,1.10634,1.1065,1.10922,1.10943,1.10558,1.10574,1.1071,1.10724,3983,True
2015,07,08,16,00,00,1.10707,1.10721,1.1085,1.10871,1.10452,1.10469,1.10488,1.10505,2533,True
2015,07,08,17,00,00,1.1049,1.10507,1.10558,1.1058,1.10401,1.10419,1.10484,1.10507,1511,True
2015,07,08,18,00,00,1.10486,1.10509,1.1077,1.10787,1.10435,1.10456,1.10598,1.10616,2643,True
2015,07,08,19,00,00,1.106,1.10618,1.10744,1.10764,1.10577,1.10597,1.10696,1.10714,1466,True
2015,07,08,20,00,00,1.10693,1.10712,1.10786,1.10805,1.1067,1.10687,1.10751,1.10783,419,True
2015,07,08,21,00,00,1.1075,1.10796,1.10768,1.10803,1.10702,1.10738,1.10729,1.10747,186,True
2015,07,08,22,00,00,1.10729,1.10751,1.10746,1.10764,1.10689,1.10713,1.10745,1.10762,236,True
2015,07,08,23,00,00,1.10746,1.10765,1.10769,1.1079,1.10664,1.10681,1.10704,1.1072,312,True
2015,07,09,00,00,00,1.10701,1.10719,1.10772,1.10791,1.10624,1.1064,1.10643,1.10659,1018,True
2015,07,09,01,00,00,1.1064,1.10658,1.10777,1.10795,1.10625,1.10641,1.10688,1.10706,1079,True
2015,07,09,02,00,00,1.10687,1.10702,1.10794,1.10813,1.10666,1.10682,1.10725,1.10741,1021,True
2015,07,09,03,00,00,1.10723,1.10739,1.10786,1.10803,1.10697,1.10714,1.10761,1.10778,572,True
2015,07,09,04,00,00,1.10764,1.10781,1.10803,1.10823,1.10714,1.1073,1.10751,1.10767,408,True
2015,07,09,05,00,00,1.10748,1.10766,1.11139,1.11169,1.10721,1.10737,1.10981,1.11003,1740,True
2015,07,09,06,00,00,1.10977,1.11002,1.11234,1.11272,1.10869,1.10891,1.10975,1.10992,3713,True
2015,07,09,07,00,00,1.10972,1.1099,1.10972,1.1099,1.10347,1.10364,1.10351,1.10367,4067,True
2015,07,09,08,00,00,1.10353,1.1037,1.10471,1.10486,1.10265,1.10285,1.10435,1.10454,2539,True
2015,07,09,09,00,00,1.10439,1.10455,1.10457,1.10475,1.10233,1.10246,1.10322,1.10338,2364,True
2015,07,09,10,00,00,1.10325,1.10339,1.10451,1.10467,1.10257,1.10272,1.10406,1.10425,1631,True
2015,07,09,11,00,00,1.10409,1.10426,1.10619,1.10636,1.10331,1.10348,1.10587,1.10599,2087,True
2015,07,09,12,00,00,1.10583,1.10598,1.10657,1.10675,1.10228,1.10245,1.10347,1.10362,3048,True
2015,07,09,13,00,00,1.10345,1.10359,1.10683,1.10706,1.103,1.10314,1.10576,1.10591,2191,True
2015,07,09,14,00,00,1.10579,1.10593,1.1065,1.10666,1.10269,1.10283,1.10444,1.10458,2448,True
2015,07,09,15,00,00,1.10442,1.10455,1.1048,1.10496,1.10176,1.10191,1.10233,1.10249,1844,True
2015,07,09,16,00,00,1.10235,1.10251,1.10273,1.1029,1.10019,1.10039,1.10028,1.10046,1845,True
2015,07,09,17,00,00,1.10026,1.10043,1.10181,1.10197,1.09909,1.09926,1.09989,1.10008,1939,True
2015,07,09,18,00,00,1.09987,1.10005,1.10187,1.10204,1.09971,1.09988,1.10128,1.10145,1044,True
2015,07,09,19,00,00,1.10129,1.10148,1.10316,1.10336,1.10114,1.10134,1.10239,1.10257,1729,True
2015,07,09,20,00,00,1.10235,1.10255,1.10429,1.10455,1.10209,1.10231,1.10342,1.10394,885,True
2015,07,09,21,00,00,1.10324,1.10384,1.10453,1.10483,1.10294,1.10331,1.10449,1.1048,378,True
2015,07,09,22,00,00,1.1045,1.10484,1.10819,1.10848,1.10435,1.10464,1.10699,1.10719,1817,True
2015,07,09,23,00,00,1.107,1.10722,1.10735,1.10755,1.1054,1.10559,1.10598,1.10617,572,True
2015,07,10,00,00,00,1.10596,1.10614,1.10729,1.10745,1.10542,1.10558,1.10721,1.10741,1161,True
2015,07,10,01,00,00,1.10724,1.10742,1.1089,1.10907,1.1071,1.10726,1.10827,1.10844,1227,True
2015,07,10,02,00,00,1.10826,1.10841,1.10964,1.1098,1.10788,1.10804,1.1095,1.10966,799,True
2015,07,10,03,00,00,1.10953,1.10968,1.10987,1.11005,1.10866,1.10884,1.10972,1.10988,828,True
2015,07,10,04,00,00,1.10969,1.10986,1.11032,1.11049,1.10927,1.10943,1.10963,1.10978,719,True
2015,07,10,05,00,00,1.1096,1.10977,1.11322,1.11361,1.10942,1.10959,1.11153,1.11174,1835,True
2015,07,10,06,00,00,1.11156,1.11175,1.11296,1.11322,1.10897,1.10915,1.10941,1.1096,3059,True
2015,07,10,07,00,00,1.10944,1.10961,1.11286,1.11304,1.10774,1.10798,1.11128,1.11146,4178,True
2015,07,10,08,00,00,1.1113,1.11148,1.11272,1.11287,1.1096,1.10977,1.11128,1.11143,2931,True
2015,07,10,09,00,00,1.11125,1.11141,1.11797,1.11815,1.11084,1.11099,1.11613,1.11627,5037,True
2015,07,10,10,00,00,1.11615,1.1163,1.11979,1.11996,1.11562,1.11577,1.1191,1.11927,2476,True
2015,07,10,11,00,00,1.11912,1.11929,1.12149,1.12169,1.11779,1.11794,1.11841,1.11857,3519,True
2015,07,10,12,00,00,1.11843,1.11859,1.1202,1.12035,1.11794,1.11807,1.11967,1.1198,2708,True
2015,07,10,13,00,00,1.11964,1.11978,1.12069,1.12093,1.1161,1.11626,1.11808,1.11828,2980,True
2015,07,10,14,00,00,1.11812,1.11829,1.11934,1.11951,1.11628,1.11643,1.11722,1.11738,2648,True
2015,07,10,15,00,00,1.1172,1.11736,1.11751,1.11768,1.11354,1.1137,1.11485,1.11499,3198,True
2015,07,10,16,00,00,1.11486,1.11503,1.11692,1.11712,1.11253,1.1127,1.11277,1.11293,2877,True
2015,07,10,17,00,00,1.11279,1.11295,1.11394,1.1141,1.11192,1.11211,1.11375,1.11392,1927,True
2015,07,10,18,00,00,1.11377,1.11394,1.11377,1.11394,1.1126,1.11275,1.11274,1.11292,992,True
2015,07,10,19,00,00,1.11277,1.11294,1.11451,1.1147,1.11262,1.1128,1.11442,1.11459,1345,True
2015,07,10,20,00,00,1.1144,1.11455,1.11568,1.11654,1.11416,1.11442,1.11477,1.11627,1131,True
2015,07,12,21,00,00,1.10896,1.11007,1.11354,1.11452,1.10896,1.10992,1.1135,1.11452,553,True
2015,07,12,22,00,00,1.11344,1.11448,1.11412,1.1145,1.11191,1.11214,1.11191,1.11214,798,True
2015,07,12,23,00,00,1.11189,1.11212,1.11434,1.11454,1.11173,1.11196,1.11287,1.11306,594,True
2015,07,13,00,00,00,1.11285,1.11303,1.11393,1.1141,1.11281,1.11298,1.11338,1.11355,546,True
2015,07,13,01,00,00,1.11336,1.11352,1.11354,1.11369,1.11094,1.11113,1.11215,1.11234,955,True
2015,07,13,02,00,00,1.11213,1.11232,1.11344,1.11361,1.11202,1.11223,1.11285,1.11302,731,True
2015,07,13,03,00,00,1.11287,1.11304,1.11509,1.11536,1.11135,1.11155,1.11326,1.11346,1741,True
2015,07,13,04,00,00,1.11324,1.11343,1.11398,1.11418,1.11306,1.11325,1.11325,1.11341,756,True
2015,07,13,05,00,00,1.11326,1.11344,1.11483,1.11505,1.11314,1.11333,1.11417,1.11433,775,True
2015,07,13,06,00,00,1.11419,1.11437,1.11962,1.11982,1.11206,1.11222,1.11857,1.11874,4643,True
2015,07,13,07,00,00,1.11859,1.11876,1.11861,1.11878,1.10821,1.10844,1.10979,1.10995,8222,True
2015,07,13,08,00,00,1.10975,1.10993,1.10988,1.11005,1.1053,1.10551,1.10616,1.10631,5063,True
2015,07,13,09,00,00,1.10612,1.10629,1.10822,1.10837,1.10577,1.10591,1.10798,1.10813,2407,True
2015,07,13,10,00,00,1.10796,1.1081,1.10841,1.10856,1.10629,1.10646,1.10662,1.10678,1724,True
2015,07,13,11,00,00,1.10665,1.1068,1.10798,1.10812,1.10571,1.10586,1.10648,1.10666,1761,True
2015,07,13,12,00,00,1.10653,1.10667,1.10691,1.10705,1.10409,1.10423,1.10592,1.10607,2798,True
2015,07,13,13,00,00,1.1059,1.10605,1.1059,1.10605,1.1035,1.10365,1.10518,1.10533,2467,True
2015,07,13,14,00,00,1.10521,1.10535,1.10552,1.10572,1.10061,1.10074,1.10078,1.10091,3211,True
2015,07,13,15,00,00,1.10079,1.10095,1.10312,1.10331,1.10058,1.10072,1.10187,1.10201,1916,True
2015,07,13,16,00,00,1.10189,1.10204,1.10317,1.10333,1.10141,1.10156,1.10198,1.10215,1347,True
2015,07,13,17,00,00,1.10195,1.10213,1.10228,1.10248,1.10027,1.10043,1.10048,1.10066,1714,True
2015,07,13,18,00,00,1.1005,1.10068,1.10113,1.10128,1.09947,1.09967,1.0995,1.09969,1026,True
2015,07,13,19,00,00,1.09953,1.09971,1.10118,1.10135,1.09953,1.09971,1.09965,1.0999,1181,True
2015,07,13,20,00,00,1.09972,1.09988,1.10098,1.10113,1.09972,1.09988,1.09996,1.10033,553,True
2015,07,13,21,00,00,1.09963,1.10009,1.10048,1.10087,1.09948,1.09998,1.1004,1.1007,470,True
2015,07,13,22,00,00,1.1004,1.10066,1.10077,1.10107,1.10001,1.10031,1.10061,1.10081,368,True
2015,07,13,23,00,00,1.10064,1.10084,1.10078,1.10097,1.09804,1.09822,1.0982,1.09838,1062,True
2015,07,14,00,00,00,1.09823,1.0984,1.099,1.09918,1.09727,1.09749,1.09861,1.09879,1204,True
2015,07,14,01,00,00,1.09859,1.09876,1.10009,1.10026,1.09846,1.09864,1.1,1.10017,934,True
2015,07,14,02,00,00,1.09998,1.10014,1.10107,1.10122,1.09979,1.09996,1.10046,1.10061,652,True
2015,07,14,03,00,00,1.10048,1.10064,1.10119,1.10135,1.09976,1.09991,1.10098,1.10113,578,True
2015,07,14,04,00,00,1.10095,1.10111,1.10095,1.10111,1.09993,1.10009,1.1002,1.10036,490,True
2015,07,14,05,00,00,1.10018,1.10033,1.10122,1.10138,1.09924,1.09941,1.09957,1.09976,1020,True
2015,07,14,06,00,00,1.0996,1.09977,1.1002,1.10036,1.09644,1.09664,1.09779,1.09801,4124,True
2015,07,14,07,00,00,1.09782,1.09804,1.10051,1.1007,1.097,1.09717,1.0992,1.09935,3556,True
2015,07,14,08,00,00,1.09922,1.09938,1.10377,1.10395,1.09922,1.09938,1.10236,1.10302,3663,True
2015,07,14,09,00,00,1.10242,1.10304,1.10428,1.10445,1.10134,1.10151,1.1034,1.10355,3124,True
2015,07,14,10,00,00,1.10342,1.10358,1.10422,1.10438,1.10179,1.10193,1.1021,1.10225,2096,True
2015,07,14,11,00,00,1.10213,1.10226,1.10304,1.10322,1.10177,1.10201,1.10258,1.10272,1796,True
2015,07,14,12,00,00,1.1026,1.10275,1.10772,1.10922,1.1026,1.10275,1.10541,1.10557,4186,True
2015,07,14,13,00,00,1.10544,1.1056,1.10644,1.10661,1.10326,1.10339,1.10365,1.10381,3085,True
2015,07,14,14,00,00,1.10369,1.10383,1.10382,1.104,1.09925,1.09939,1.09983,1.09996,2331,True
2015,07,14,15,00,00,1.09981,1.09994,1.10181,1.10196,1.09981,1.09994,1.10146,1.10159,1716,True
2015,07,14,16,00,00,1.10143,1.10156,1.10148,1.10164,1.10029,1.10046,1.10095,1.10108,933,True
2015,07,14,17,00,00,1.10097,1.10113,1.10153,1.1017,1.10046,1.10063,1.10048,1.10065,916,True
2015,07,14,18,00,00,1.10051,1.10067,1.10103,1.10119,1.10028,1.10046,1.10087,1.10105,653,True
2015,07,14,19,00,00,1.10086,1.10105,1.10089,1.10106,1.10004,1.1002,1.1004,1.10054,493,True
2015,07,14,20,00,00,1.10042,1.10059,1.10091,1.10113,1.10013,1.10031,1.10078,1.10104,295,True
2015,07,14,21,00,00,1.1007,1.10115,1.10093,1.10121,1.10043,1.10075,1.10069,1.10094,467,True
2015,07,14,22,00,00,1.10069,1.10093,1.10159,1.10183,1.10048,1.10067,1.1012,1.10139,792,True
2015,07,14,23,00,00,1.10117,1.10135,1.10121,1.10139,1.10044,1.10061,1.10059,1.10077,234,True
2015,07,15,00,00,00,1.10057,1.10075,1.10063,1.10081,1.09906,1.09922,1.09957,1.09972,887,True
2015,07,15,01,00,00,1.0996,1.09974,1.10046,1.10061,1.09943,1.09957,1.10009,1.10027,726,True
2015,07,15,02,00,00,1.10011,1.1003,1.10049,1.10065,1.09943,1.09958,1.09963,1.09978,747,True
2015,07,15,03,00,00,1.09961,1.09976,1.10061,1.10076,1.09941,1.09956,1.10049,1.10067,484,True
2015,07,15,04,00,00,1.10047,1.10064,1.10054,1.10068,1.0997,1.09985,1.10006,1.10023,508,True
2015,07,15,05,00,00,1.10003,1.1002,1.10018,1.10034,1.09856,1.09879,1.09966,1.09981,884,True
2015,07,15,06,00,00,1.09968,1.09983,1.10258,1.10284,1.09898,1.09914,1.1001,1.10026,2675,True
2015,07,15,07,00,00,1.10007,1.10023,1.10211,1.10224,1.09919,1.09934,1.10148,1.10161,2820,True
2015,07,15,08,00,00,1.10144,1.1016,1.1035,1.10364,1.10144,1.1016,1.10272,1.10285,2694,True
2015,07,15,09,00,00,1.10269,1.10283,1.10323,1.10337,1.10183,1.10197,1.10195,1.10209,1476,True
2015,07,15,10,00,00,1.10196,1.10212,1.10279,1.10294,1.10161,1.10176,1.1019,1.10203,1156,True
2015,07,15,11,00,00,1.10186,1.10202,1.10213,1.10226,1.09973,1.09987,1.10043,1.10058,1331,True
2015,07,15,12,00,00,1.10042,1.10055,1.10152,1.10168,1.09707,1.09723,1.09725,1.09738,4174,True
2015,07,15,13,00,00,1.09728,1.09739,1.09735,1.09748,1.09494,1.09508,1.09571,1.09588,3494,True
2015,07,15,14,00,00,1.09566,1.09585,1.09727,1.09742,1.09331,1.09357,1.0959,1.09604,3933,True
2015,07,15,15,00,00,1.09593,1.09607,1.09671,1.09684,1.09501,1.0952,1.09629,1.09644,2730,True
2015,07,15,16,00,00,1.09632,1.09647,1.09712,1.09729,1.09376,1.09402,1.09467,1.09483,1979,True
2015,07,15,17,00,00,1.09464,1.09479,1.09491,1.09508,1.09293,1.09308,1.09477,1.09493,1372,True
2015,07,15,18,00,00,1.09474,1.09492,1.09546,1.09563,1.09426,1.09446,1.09461,1.09479,992,True
2015,07,15,19,00,00,1.09459,1.09475,1.09534,1.09554,1.09408,1.09424,1.09527,1.09545,766,True
2015,07,15,20,00,00,1.09524,1.09542,1.09538,1.09555,1.09439,1.09459,1.09454,1.09511,476,True
2015,07,15,21,00,00,1.09471,1.09531,1.09493,1.09553,1.09439,1.09469,1.09448,1.09474,509,True
2015,07,15,22,00,00,1.09448,1.09473,1.09588,1.0961,1.09408,1.09429,1.09578,1.09596,769,True
2015,07,15,23,00,00,1.09575,1.09595,1.09617,1.09637,1.09338,1.09357,1.09368,1.09388,941,True
2015,07,16,00,00,00,1.09372,1.09393,1.0942,1.09436,1.09301,1.09317,1.09341,1.09357,1030,True
2015,07,16,01,00,00,1.09338,1.09353,1.09365,1.09382,1.09117,1.09131,1.09224,1.0924,1487,True
2015,07,16,02,00,00,1.09226,1.09242,1.09326,1.0934,1.09205,1.09222,1.09313,1.09329,864,True
2015,07,16,03,00,00,1.09318,1.09332,1.09373,1.0939,1.09304,1.09319,1.09333,1.0935,543,True
2015,07,16,04,00,00,1.09332,1.09345,1.09372,1.09387,1.09284,1.093,1.09296,1.09311,494,True
2015,07,16,05,00,00,1.09299,1.09316,1.09338,1.09355,1.091,1.0912,1.09237,1.09252,1118,True
2015,07,16,06,00,00,1.09232,1.0925,1.09479,1.09498,1.09176,1.09192,1.09312,1.09327,2195,True
2015,07,16,07,00,00,1.09315,1.09331,1.09382,1.09398,1.08953,1.08971,1.08981,1.08997,3447,True
2015,07,16,08,00,00,1.08983,1.08996,1.0918,1.09194,1.08982,1.08996,1.09027,1.09068,2512,True
2015,07,16,09,00,00,1.0902,1.0906,1.09144,1.09158,1.08959,1.08971,1.09028,1.09043,2261,True
2015,07,16,10,00,00,1.09026,1.0904,1.09047,1.09062,1.08784,1.08801,1.08862,1.08881,1617,True
2015,07,16,11,00,00,1.08862,1.08877,1.08961,1.08975,1.08765,1.08777,1.08767,1.0878,2048,True
2015,07,16,12,00,00,1.0877,1.08784,1.08949,1.08972,1.08549,1.08563,1.08562,1.08577,4971,True
2015,07,16,13,00,00,1.08559,1.08574,1.09122,1.09143,1.08553,1.08569,1.09077,1.09101,4187,True
2015,07,16,14,00,00,1.09082,1.09105,1.09255,1.09271,1.08921,1.08935,1.09072,1.09085,2737,True
2015,07,16,15,00,00,1.09069,1.09081,1.09073,1.09091,1.08871,1.08888,1.08963,1.08978,1415,True
2015,07,16,16,00,00,1.08964,1.08977,1.0898,1.08995,1.08723,1.08739,1.08753,1.08769,1188,True
2015,07,16,17,00,00,1.08751,1.08764,1.08923,1.08939,1.08742,1.08758,1.08826,1.08843,1194,True
2015,07,16,18,00,00,1.0883,1.08848,1.08862,1.08878,1.08727,1.08742,1.08729,1.08745,748,True
2015,07,16,19,00,00,1.08727,1.08743,1.08778,1.08793,1.08727,1.08743,1.08765,1.08782,346,True
2015,07,16,20,00,00,1.08762,1.08784,1.0879,1.08811,1.08721,1.08754,1.0873,1.08775,325,True
2015,07,16,21,00,00,1.08733,1.08793,1.08789,1.08837,1.08729,1.08767,1.08749,1.08771,429,True
2015,07,16,22,00,00,1.08752,1.08777,1.08812,1.08831,1.08721,1.08741,1.08789,1.08808,352,True
2015,07,16,23,00,00,1.08785,1.08806,1.08841,1.08859,1.08754,1.08772,1.08827,1.08843,369,True
2015,07,17,00,00,00,1.08825,1.08841,1.0887,1.08885,1.08752,1.08767,1.08781,1.08798,708,True
2015,07,17,01,00,00,1.08779,1.08794,1.08933,1.0895,1.08763,1.08778,1.08906,1.0892,542,True
2015,07,17,02,00,00,1.08902,1.08919,1.08963,1.08979,1.08853,1.08869,1.0894,1.08955,656,True
2015,07,17,03,00,00,1.08943,1.08958,1.0903,1.09044,1.08943,1.08958,1.08994,1.09006,361,True
2015,07,17,04,00,00,1.08995,1.0901,1.09004,1.09019,1.08908,1.08921,1.08943,1.08958,374,True
2015,07,17,05,00,00,1.08945,1.08961,1.08961,1.08979,1.08792,1.08808,1.08836,1.08852,568,True
2015,07,17,06,00,00,1.08836,1.08853,1.08959,1.08977,1.08793,1.0881,1.08841,1.0886,1674,True
2015,07,17,07,00,00,1.08841,1.08861,1.0906,1.09076,1.08778,1.08794,1.08868,1.08882,2346,True
2015,07,17,08,00,00,1.08871,1.08885,1.0899,1.09003,1.08812,1.08827,1.08893,1.08909,1657,True
2015,07,17,09,00,00,1.08895,1.08911,1.08963,1.08979,1.08843,1.08858,1.0885,1.08866,1600,True
2015,07,17,10,00,00,1.08852,1.08868,1.08916,1.08933,1.08696,1.08716,1.08812,1.08826,1024,True
2015,07,17,11,00,00,1.08815,1.0883,1.08936,1.08951,1.08756,1.08769,1.08935,1.08949,1312,True
2015,07,17,12,00,00,1.08937,1.08952,1.08945,1.08958,1.08602,1.08618,1.08648,1.08664,2886,True
2015,07,17,13,00,00,1.08648,1.08663,1.08707,1.08723,1.08476,1.08491,1.08547,1.08573,2077,True
2015,07,17,14,00,00,1.08551,1.08573,1.08625,1.0864,1.08427,1.0844,1.08544,1.08559,2876,True
2015,07,17,15,00,00,1.08546,1.08563,1.08572,1.08587,1.08455,1.0847,1.08463,1.0848,1435,True
2015,07,17,16,00,00,1.08468,1.08483,1.08567,1.08584,1.08402,1.0842,1.08553,1.08571,932,True
2015,07,17,17,00,00,1.0855,1.08568,1.08565,1.08582,1.08437,1.08453,1.08466,1.08483,773,True
2015,07,17,18,00,00,1.08469,1.08484,1.08543,1.08561,1.08453,1.08469,1.0847,1.0849,646,True
2015,07,17,19,00,00,1.08471,1.0849,1.08503,1.08519,1.08429,1.08445,1.08435,1.08453,404,True
2015,07,17,20,00,00,1.08432,1.08451,1.08438,1.08455,1.08267,1.08299,1.08278,1.08317,950,True
2015,07,19,21,00,00,1.08276,1.08349,1.08349,1.0841,1.08255,1.08316,1.08319,1.08347,616,True
2015,07,19,22,00,00,1.08319,1.08349,1.08428,1.08452,1.08301,1.08337,1.08379,1.08399,528,True
2015,07,19,23,00,00,1.08381,1.08402,1.08383,1.08402,1.08276,1.08293,1.08293,1.08313,336,True
2015,07,20,00,00,00,1.08288,1.08309,1.08337,1.08357,1.08273,1.08289,1.08324,1.0834,365,True
2015,07,20,01,00,00,1.08327,1.08343,1.08351,1.08369,1.08218,1.08233,1.08219,1.08234,404,True
2015,07,20,02,00,00,1.08214,1.08231,1.08293,1.08307,1.082,1.08216,1.08232,1.08248,402,True
2015,07,20,03,00,00,1.08228,1.08245,1.08248,1.08262,1.08196,1.08213,1.08211,1.08225,386,True
2015,07,20,04,00,00,1.08207,1.08222,1.08292,1.08306,1.08207,1.08222,1.0829,1.08304,363,True
2015,07,20,05,00,00,1.08287,1.08302,1.08292,1.08307,1.08234,1.08251,1.08284,1.08301,472,True
2015,07,20,06,00,00,1.08279,1.08297,1.08475,1.0849,1.0824,1.08257,1.08405,1.08421,1199,True
2015,07,20,07,00,00,1.08407,1.08423,1.08637,1.08663,1.08407,1.08423,1.08615,1.08631,1564,True
2015,07,20,08,00,00,1.0861,1.08629,1.08626,1.08643,1.08436,1.08451,1.08491,1.08507,1622,True
2015,07,20,09,00,00,1.08495,1.0851,1.08565,1.0858,1.08249,1.08266,1.08367,1.08382,1995,True
2015,07,20,10,00,00,1.08368,1.08382,1.08404,1.08419,1.08279,1.08293,1.08377,1.08392,1291,True
2015,07,20,11,00,00,1.08381,1.08394,1.08468,1.08483,1.08329,1.08342,1.08461,1.08474,1175,True
2015,07,20,12,00,00,1.08458,1.08471,1.0858,1.0861,1.08409,1.08424,1.08458,1.08472,1753,True
2015,07,20,13,00,00,1.08456,1.08469,1.08489,1.08504,1.08306,1.0832,1.08334,1.08351,1552,True
2015,07,20,14,00,00,1.08336,1.0835,1.08656,1.08673,1.08335,1.0835,1.08632,1.08646,2134,True
2015,07,20,15,00,00,1.08635,1.08649,1.08694,1.08709,1.08466,1.08481,1.08487,1.085,1561,True
2015,07,20,16,00,00,1.08491,1.08504,1.08563,1.08577,1.08394,1.0841,1.08405,1.08422,837,True
2015,07,20,17,00,00,1.08409,1.08425,1.08455,1.08471,1.08333,1.08351,1.08347,1.08361,916,True
2015,07,20,18,00,00,1.08342,1.0836,1.08386,1.08401,1.08276,1.08293,1.08276,1.08293,653,True
2015,07,20,19,00,00,1.08274,1.08289,1.08353,1.08369,1.08251,1.08266,1.08338,1.08355,479,True
2015,07,20,20,00,00,1.08342,1.08357,1.08342,1.08357,1.0807,1.08101,1.08238,1.0826,1053,True
2015,07,20,21,00,00,1.0821,1.0824,1.0827,1.08323,1.08194,1.08215,1.08209,1.0823,638,True
2015,07,20,22,00,00,1.08213,1.08235,1.08314,1.08335,1.08212,1.0823,1.08287,1.08303,300,True
2015,07,20,23,00,00,1.08285,1.083,1.08342,1.08357,1.08281,1.08296,1.08327,1.08341,317,True
2015,07,21,00,00,00,1.08329,1.08344,1.08339,1.08353,1.08259,1.08275,1.08265,1.0828,448,True
2015,07,21,01,00,00,1.08267,1.08282,1.08295,1.0831,1.08169,1.08187,1.08216,1.08229,618,True
2015,07,21,02,00,00,1.08211,1.08227,1.08333,1.08347,1.08209,1.08224,1.08326,1.0834,369,True
2015,07,21,03,00,00,1.08323,1.08336,1.08338,1.08353,1.08227,1.08241,1.0826,1.08273,422,True
2015,07,21,04,00,00,1.08257,1.08271,1.08273,1.08286,1.08133,1.08149,1.08145,1.0816,596,True
2015,07,21,05,00,00,1.08144,1.08161,1.08224,1.08238,1.08109,1.08125,1.08218,1.08235,848,True
2015,07,21,06,00,00,1.0822,1.08238,1.08314,1.0833,1.08177,1.08192,1.0829,1.08305,1227,True
2015,07,21,07,00,00,1.08292,1.08308,1.08339,1.08354,1.08191,1.08205,1.08266,1.08281,1811,True
2015,07,21,08,00,00,1.08265,1.08278,1.08624,1.08638,1.08262,1.08276,1.08542,1.08559,2345,True
2015,07,21,09,00,00,1.0854,1.08555,1.08591,1.08604,1.0842,1.08435,1.08511,1.08524,1616,True
2015,07,21,10,00,00,1.08507,1.08521,1.08673,1.08686,1.08492,1.08507,1.0858,1.08594,1710,True
2015,07,21,11,00,00,1.08576,1.08591,1.08782,1.08795,1.08556,1.0857,1.08719,1.08733,2001,True
2015,07,21,12,00,00,1.08719,1.08734,1.08765,1.08781,1.08559,1.08573,1.08574,1.08587,1389,True
2015,07,21,13,00,00,1.08571,1.08584,1.0899,1.09004,1.08569,1.08582,1.08956,1.0897,2604,True
2015,07,21,14,00,00,1.08954,1.08968,1.09395,1.09413,1.08908,1.08922,1.09343,1.09362,3903,True
2015,07,21,15,00,00,1.09345,1.0936,1.09419,1.09435,1.09166,1.09182,1.09258,1.09273,2414,True
2015,07,21,16,00,00,1.09256,1.09271,1.09606,1.09623,1.09256,1.09271,1.09589,1.09606,1910,True
2015,07,21,17,00,00,1.09588,1.09603,1.09681,1.09706,1.09462,1.09477,1.09473,1.09488,1733,True
2015,07,21,18,00,00,1.09477,1.09492,1.09553,1.0957,1.09399,1.09413,1.09402,1.09419,833,True
2015,07,21,19,00,00,1.09399,1.09415,1.09418,1.09433,1.09337,1.09353,1.09343,1.09359,688,True
2015,07,21,20,00,00,1.09344,1.09359,1.09449,1.09469,1.09328,1.09344,1.0936,1.09418,766,True
2015,07,21,21,00,00,1.09328,1.09388,1.0941,1.09461,1.09323,1.09365,1.09365,1.09398,644,True
2015,07,21,22,00,00,1.0936,1.09392,1.09399,1.09422,1.09337,1.0936,1.09356,1.09373,373,True
2015,07,21,23,00,00,1.09354,1.09368,1.09387,1.09405,1.0934,1.09355,1.09359,1.09372,281,True
2015,07,22,00,00,00,1.09354,1.09371,1.09529,1.09547,1.0935,1.09366,1.09469,1.09484,818,True
2015,07,22,01,00,00,1.09469,1.09485,1.09598,1.09613,1.09378,1.09393,1.09378,1.09393,901,True
2015,07,22,02,00,00,1.09378,1.09395,1.09397,1.09414,1.0924,1.09256,1.09251,1.09268,904,True
2015,07,22,03,00,00,1.09254,1.0927,1.0936,1.09377,1.09231,1.09248,1.09335,1.0935,758,True
2015,07,22,04,00,00,1.09331,1.09346,1.09441,1.09456,1.09298,1.09313,1.09433,1.0945,567,True
2015,07,22,05,00,00,1.09432,1.09451,1.09432,1.09451,1.09282,1.09296,1.09338,1.09355,549,True
2015,07,22,06,00,00,1.09335,1.09351,1.0966,1.09681,1.0932,1.09334,1.09558,1.09571,2363,True
2015,07,22,07,00,00,1.09556,1.09572,1.09556,1.09572,1.0924,1.09257,1.09476,1.09489,2512,True
2015,07,22,08,00,00,1.09471,1.09486,1.09506,1.09519,1.09297,1.09313,1.0937,1.09387,2070,True
2015,07,22,09,00,00,1.09371,1.09387,1.09498,1.09512,1.09301,1.09315,1.09334,1.09348,1499,True
2015,07,22,10,00,00,1.09337,1.09351,1.0936,1.09375,1.09149,1.09169,1.09237,1.09255,1624,True
2015,07,22,11,00,00,1.09236,1.09251,1.09359,1.09375,1.09157,1.0917,1.09162,1.09176,1430,True
2015,07,22,12,00,00,1.09165,1.0918,1.09176,1.09191,1.08915,1.08933,1.09032,1.09047,2597,True
2015,07,22,13,00,00,1.09029,1.09043,1.09159,1.09173,1.08936,1.0895,1.08959,1.08998,1985,True
2015,07,22,14,00,00,1.08952,1.08991,1.08981,1.09025,1.08801,1.08815,1.08923,1.08935,2761,True
2015,07,22,15,00,00,1.08919,1.08932,1.09036,1.09058,1.08807,1.08822,1.08832,1.08845,1792,True
2015,07,22,16,00,00,1.08827,1.08842,1.09046,1.09058,1.08686,1.08701,1.09025,1.0904,1930,True
2015,07,22,17,00,00,1.09022,1.09036,1.09125,1.09143,1.08941,1.08957,1.0902,1.09035,960,True
2015,07,22,18,00,00,1.09022,1.09038,1.0908,1.09096,1.08989,1.09004,1.09037,1.09051,722,True
2015,07,22,19,00,00,1.09037,1.0905,1.09162,1.09178,1.09031,1.09046,1.09157,1.09174,565,True
2015,07,22,20,00,00,1.09161,1.09176,1.09293,1.09323,1.09145,1.09162,1.09278,1.09297,736,True
2015,07,22,21,00,00,1.09281,1.093,1.09319,1.09359,1.09207,1.09267,1.09273,1.09296,647,True
2015,07,22,22,00,00,1.09275,1.09294,1.09293,1.09314,1.09241,1.09259,1.09293,1.09314,189,True
2015,07,22,23,00,00,1.09296,1.09315,1.09298,1.09318,1.09232,1.09247,1.09235,1.0925,210,True
2015,07,23,00,00,00,1.09237,1.09253,1.09337,1.09354,1.09211,1.09226,1.09325,1.09341,717,True
2015,07,23,01,00,00,1.09321,1.09338,1.09463,1.09478,1.09311,1.09326,1.09434,1.0945,1020,True
2015,07,23,02,00,00,1.09432,1.09448,1.09553,1.09567,1.09418,1.09431,1.09477,1.09492,866,True
2015,07,23,03,00,00,1.09475,1.09489,1.09538,1.09554,1.0943,1.09445,1.09445,1.09459,474,True
2015,07,23,04,00,00,1.09441,1.09457,1.09446,1.09461,1.09372,1.09386,1.0943,1.09445,402,True
2015,07,23,05,00,00,1.09426,1.09442,1.09437,1.09451,1.09313,1.09329,1.09401,1.09419,484,True
2015,07,23,06,00,00,1.09406,1.09421,1.09406,1.09421,1.09227,1.09243,1.09284,1.09302,1230,True
2015,07,23,07,00,00,1.09281,1.09298,1.10022,1.10041,1.09266,1.09283,1.09846,1.09861,4347,True
2015,07,23,08,00,00,1.0985,1.09864,1.10042,1.10058,1.09812,1.09829,1.09911,1.09923,3102,True
2015,07,23,09,00,00,1.09906,1.09922,1.09934,1.0995,1.09693,1.09706,1.09924,1.09941,1751,True
2015,07,23,10,00,00,1.09926,1.09943,1.10013,1.10028,1.09832,1.09847,1.09959,1.09974,1509,True
2015,07,23,11,00,00,1.09954,1.09973,1.10039,1.10053,1.09866,1.09881,1.10004,1.10019,1812,True
2015,07,23,12,00,00,1.10007,1.10021,1.10172,1.10208,1.0957,1.09589,1.09643,1.09657,4041,True
2015,07,23,13,00,00,1.0964,1.09653,1.0989,1.09907,1.09505,1.09527,1.0986,1.09878,2701,True
2015,07,23,14,00,00,1.09857,1.09875,1.09985,1.1,1.09708,1.09723,1.09792,1.09806,2741,True
2015,07,23,15,00,00,1.09794,1.09809,1.09835,1.09849,1.09645,1.09658,1.09738,1.09751,1927,True
2015,07,23,16,00,00,1.09741,1.09754,1.09981,1.09995,1.09703,1.0972,1.09919,1.09937,1563,True
2015,07,23,17,00,00,1.09922,1.09938,1.10153,1.10169,1.09881,1.09897,1.10045,1.10062,1561,True
2015,07,23,18,00,00,1.10048,1.10064,1.10072,1.1009,1.09947,1.09963,1.09986,1.10004,1142,True
2015,07,23,19,00,00,1.0999,1.10009,1.10028,1.10044,1.09895,1.09921,1.09944,1.0996,730,True
2015,07,23,20,00,00,1.09942,1.09958,1.09965,1.09982,1.09795,1.09836,1.09799,1.09836,665,True
2015,07,23,21,00,00,1.09809,1.09869,1.0987,1.09924,1.09798,1.09839,1.09824,1.09852,713,True
2015,07,23,22,00,00,1.09824,1.0985,1.09878,1.09897,1.09811,1.09837,1.09838,1.09855,355,True
2015,07,23,23,00,00,1.09833,1.09852,1.09885,1.09901,1.09828,1.09844,1.09863,1.09879,163,True
2015,07,24,00,00,00,1.09866,1.09883,1.09927,1.09943,1.09815,1.0983,1.09884,1.09899,521,True
2015,07,24,01,00,00,1.09883,1.099,1.09912,1.09928,1.09769,1.09785,1.09786,1.09802,838,True
2015,07,24,02,00,00,1.09791,1.09804,1.09807,1.09823,1.09697,1.09713,1.09728,1.0974,660,True
2015,07,24,03,00,00,1.0973,1.09742,1.09739,1.09753,1.09646,1.09661,1.09727,1.09742,551,True
2015,07,24,04,00,00,1.09725,1.09739,1.09739,1.09754,1.09645,1.0966,1.09699,1.09713,364,True
2015,07,24,05,00,00,1.09694,1.0971,1.09771,1.09786,1.09676,1.09692,1.0975,1.09763,325,True
2015,07,24,06,00,00,1.09749,1.09761,1.09944,1.10023,1.09629,1.09645,1.09894,1.09923,1710,True
2015,07,24,07,00,00,1.09888,1.0992,1.09888,1.09927,1.09355,1.09369,1.09416,1.09435,3240,True
2015,07,24,08,00,00,1.09413,1.09433,1.09511,1.09527,1.09304,1.0932,1.0939,1.09403,1522,True
2015,07,24,09,00,00,1.09389,1.09405,1.0952,1.09537,1.09358,1.09371,1.09364,1.09379,1176,True
2015,07,24,10,00,00,1.09361,1.09374,1.09537,1.09554,1.09332,1.09348,1.09537,1.09554,1299,True
2015,07,24,11,00,00,1.09541,1.09555,1.09589,1.09603,1.09247,1.09262,1.09333,1.09346,1394,True
2015,07,24,12,00,00,1.09331,1.09344,1.09538,1.09554,1.09288,1.09303,1.09417,1.09432,1663,True
2015,07,24,13,00,00,1.09413,1.09428,1.09625,1.09641,1.0938,1.09394,1.09417,1.09445,1953,True
2015,07,24,14,00,00,1.09415,1.09442,1.09691,1.09705,1.0941,1.09442,1.09688,1.09702,3100,True
2015,07,24,15,00,00,1.09689,1.09706,1.09917,1.09933,1.09605,1.09617,1.09755,1.09771,2733,True
2015,07,24,16,00,00,1.09754,1.09771,1.09802,1.09819,1.09665,1.09682,1.09766,1.09783,1440,True
2015,07,24,17,00,00,1.09764,1.09781,1.0984,1.0986,1.09715,1.0974,1.09817,1.09833,1370,True
2015,07,24,18,00,00,1.09816,1.09833,1.09824,1.09844,1.09735,1.09754,1.09813,1.0983,1030,True
2015,07,24,19,00,00,1.0981,1.09827,1.09839,1.09861,1.09742,1.09761,1.09773,1.0979,575,True
2015,07,24,20,00,00,1.09771,1.09788,1.098,1.09915,1.09693,1.09765,1.09748,1.09898,410,True
2015,07,26,21,00,00,1.09794,1.09873,1.09822,1.09916,1.09715,1.09777,1.09754,1.09792,255,True
2015,07,26,22,00,00,1.09761,1.09791,1.09802,1.09834,1.09736,1.09758,1.09739,1.09761,445,True
2015,07,26,23,00,00,1.09739,1.0976,1.09747,1.09769,1.09681,1.09699,1.09713,1.09734,188,True
2015,07,27,00,00,00,1.09718,1.09737,1.099,1.09915,1.09702,1.0972,1.09883,1.09896,677,True
2015,07,27,01,00,00,1.09886,1.09899,1.09977,1.09992,1.09826,1.09842,1.09934,1.0995,826,True
2015,07,27,02,00,00,1.09932,1.09946,1.10092,1.10108,1.09916,1.09933,1.10089,1.10104,858,True
2015,07,27,03,00,00,1.10086,1.10102,1.10136,1.10155,1.09998,1.10015,1.1004,1.10054,819,True
2015,07,27,04,00,00,1.10039,1.10054,1.10056,1.10073,1.09975,1.09991,1.10035,1.1005,475,True
2015,07,27,05,00,00,1.10038,1.10054,1.10109,1.10124,1.10025,1.10042,1.10044,1.10064,368,True
2015,07,27,06,00,00,1.10039,1.10061,1.10396,1.10411,1.10003,1.10018,1.10275,1.10291,2297,True
2015,07,27,07,00,00,1.10276,1.10291,1.10888,1.10911,1.10145,1.10161,1.10856,1.10886,4718,True
2015,07,27,08,00,00,1.10862,1.10893,1.11118,1.11153,1.10727,1.10745,1.10771,1.10788,4092,True
2015,07,27,09,00,00,1.10772,1.10787,1.10838,1.10852,1.10604,1.10625,1.1072,1.10734,1826,True
2015,07,27,10,00,00,1.10721,1.10738,1.10772,1.10787,1.10608,1.10625,1.10665,1.10682,1581,True
2015,07,27,11,00,00,1.10669,1.10685,1.10779,1.10795,1.10557,1.10588,1.10658,1.10673,1903,True
2015,07,27,12,00,00,1.10659,1.10672,1.10855,1.10878,1.10452,1.1055,1.107,1.10714,2773,True
2015,07,27,13,00,00,1.10702,1.10717,1.11076,1.11092,1.10636,1.10649,1.10955,1.10973,3106,True
2015,07,27,14,00,00,1.10959,1.10975,1.11111,1.11128,1.10865,1.1088,1.11034,1.11051,3451,True
2015,07,27,15,00,00,1.11032,1.11047,1.11281,1.11318,1.10918,1.10932,1.11113,1.11129,2547,True
2015,07,27,16,00,00,1.11116,1.1113,1.11225,1.11241,1.11039,1.11056,1.11119,1.11134,1387,True
2015,07,27,17,00,00,1.11123,1.11137,1.11166,1.11182,1.10989,1.11008,1.10994,1.11008,767,True
2015,07,27,18,00,00,1.10996,1.1101,1.11028,1.11044,1.10937,1.10955,1.10984,1.11002,446,True
2015,07,27,19,00,00,1.10982,1.10999,1.10982,1.10999,1.10897,1.10914,1.10938,1.10953,668,True
2015,07,27,20,00,00,1.10941,1.10956,1.10948,1.10962,1.10862,1.10885,1.10866,1.10887,412,True
2015,07,27,21,00,00,1.10863,1.10891,1.10933,1.10959,1.10853,1.10891,1.10907,1.10935,323,True
2015,07,27,22,00,00,1.10911,1.1094,1.10917,1.1094,1.10854,1.10871,1.10856,1.10873,281,True
2015,07,27,23,00,00,1.10855,1.1087,1.10889,1.10904,1.10839,1.10856,1.10879,1.10894,162,True
2015,07,28,00,00,00,1.10875,1.10892,1.10974,1.1099,1.10869,1.10884,1.10972,1.10986,447,True
2015,07,28,01,00,00,1.10976,1.10989,1.10988,1.11004,1.10825,1.10841,1.10919,1.10931,735,True
2015,07,28,02,00,00,1.10914,1.10929,1.10929,1.10946,1.108,1.10817,1.1082,1.10836,658,True
2015,07,28,03,00,00,1.1082,1.10835,1.1082,1.10835,1.10717,1.10734,1.10736,1.10751,526,True
2015,07,28,04,00,00,1.10736,1.1075,1.10799,1.10815,1.10709,1.10723,1.10786,1.10803,587,True
2015,07,28,05,00,00,1.10783,1.10799,1.10843,1.10857,1.10727,1.10743,1.10791,1.10804,751,True
2015,07,28,06,00,00,1.10788,1.10806,1.10836,1.10853,1.10536,1.10553,1.10556,1.10572,2176,True
2015,07,28,07,00,00,1.10553,1.10569,1.1074,1.10756,1.10513,1.10527,1.10598,1.10614,2142,True
2015,07,28,08,00,00,1.10603,1.10615,1.10684,1.10696,1.10544,1.10559,1.10641,1.10654,1970,True
2015,07,28,09,00,00,1.1064,1.10655,1.10727,1.1074,1.10547,1.10564,1.10591,1.10606,1798,True
2015,07,28,10,00,00,1.10588,1.10603,1.10588,1.10603,1.10262,1.10276,1.10301,1.10314,1958,True
2015,07,28,11,00,00,1.10299,1.10312,1.10368,1.10386,1.10216,1.10231,1.10299,1.10311,1304,True
2015,07,28,12,00,00,1.10296,1.10309,1.10351,1.10367,1.1023,1.10242,1.10336,1.10353,1699,True
2015,07,28,13,00,00,1.10333,1.10351,1.10391,1.10413,1.10284,1.10296,1.10379,1.10413,1330,True
2015,07,28,14,00,00,1.10385,1.10419,1.10623,1.10662,1.1031,1.10322,1.10381,1.10394,2799,True
2015,07,28,15,00,00,1.10385,1.10396,1.10545,1.10558,1.1035,1.10363,1.10534,1.10549,1615,True
2015,07,28,16,00,00,1.10537,1.10552,1.10608,1.10624,1.1042,1.10435,1.10469,1.10483,1351,True
2015,07,28,17,00,00,1.10469,1.10482,1.10589,1.10607,1.10458,1.10473,1.10563,1.10579,507,False
